id,status,home_score,away_score,home_team_code,away_team_code,kickoff_utc,events,home_team_name,home_team_emoji,away_team_name,away_team_emoji,stage,group_or_label,venue_name,venue_city,venue_country,home_team_logo,away_team_logo,home_penalty_score,away_penalty_score
61_1552733,Scheduled,0,0,81,95,2026-08-21T18:45:00+00:00,W10=,Marseille,🔵⚪️,Strasbourg,🇫🇷,Ligue 1,Regular Season - 1,Stade,Marseille,France,https://media.api-sports.io/football/teams/81.png,https://media.api-sports.io/football/teams/95.png,,
61_1552732,Scheduled,0,0,116,108,2026-08-22T15:15:00+00:00,W10=,Lens,🇫🇷,Auxerre,🇫🇷,Ligue 1,Regular Season - 1,Stade Bollaert-Delelis,Lens,France,https://media.api-sports.io/football/teams/116.png,https://media.api-sports.io/football/teams/108.png,,
61_1552734,Scheduled,0,0,84,97,2026-08-22T18:45:00+00:00,W10=,Nice,🇫🇷,Lorient,🇫🇷,Ligue 1,Regular Season - 1,Allianz Riviera,Nice,France,https://media.api-sports.io/football/teams/84.png,https://media.api-sports.io/football/teams/97.png,,
61_1552736,Scheduled,0,0,96,80,2026-08-22T18:45:00+00:00,W10=,Toulouse,🇫🇷,Lyon,🇫🇷,Ligue 1,Regular Season - 1,Stadium de Toulouse,Toulouse,France,https://media.api-sports.io/football/teams/96.png,https://media.api-sports.io/football/teams/80.png,,
61_1552737,Scheduled,0,0,110,114,2026-08-22T18:45:00+00:00,W10=,Estac Troyes,🇫🇷,Paris FC,🇫🇷,Ligue 1,Regular Season - 1,Stade,Troyes,France,https://media.api-sports.io/football/teams/110.png,https://media.api-sports.io/football/teams/114.png,,
61_1552731,Scheduled,0,0,1298,106,2026-08-22T18:45:00+00:00,W10=,Le Mans,🇫🇷,Stade Brestois 29,🇫🇷,Ligue 1,Regular Season - 1,Stade Marie-Marvingt,Le Mans,France,https://media.api-sports.io/football/teams/1298.png,https://media.api-sports.io/football/teams/106.png,,
61_1552729,Scheduled,0,0,77,79,2026-08-23T13:00:00+00:00,W10=,Angers,🇫🇷,Lille,🇫🇷,Ligue 1,Regular Season - 1,Stade Raymond-Kopa,Angers,France,https://media.api-sports.io/football/teams/77.png,https://media.api-sports.io/football/teams/79.png,,
61_1552730,Scheduled,0,0,111,91,2026-08-23T15:15:00+00:00,W10=,Le Havre,🇫🇷,Monaco,🇫🇷,Ligue 1,Regular Season - 1,Stade,Le Havre,France,https://media.api-sports.io/football/teams/111.png,https://media.api-sports.io/football/teams/91.png,,
61_1552735,Scheduled,0,0,85,94,2026-08-23T18:45:00+00:00,W10=,Paris Saint Germain,🔵🔴,Rennes,🇫🇷,Ligue 1,Regular Season - 1,Parc des Princes,Paris,France,https://media.api-sports.io/football/teams/85.png,https://media.api-sports.io/football/teams/94.png,,
61_1552746,Scheduled,0,0,79,85,2026-08-28T18:45:00+00:00,W10=,Lille,🇫🇷,Paris Saint Germain,🔵🔴,Ligue 1,Regular Season - 2,Stade Pierre-Mauroy,Ville,France,https://media.api-sports.io/football/teams/79.png,https://media.api-sports.io/football/teams/85.png,,
61_1552745,Scheduled,0,0,95,116,2026-08-29T15:15:00+00:00,W10=,Strasbourg,🇫🇷,Lens,🇫🇷,Ligue 1,Regular Season - 2,Stade de la Meinau,Strasbourg,France,https://media.api-sports.io/football/teams/95.png,https://media.api-sports.io/football/teams/116.png,,
61_1552741,Scheduled,0,0,80,111,2026-08-29T18:45:00+00:00,W10=,Lyon,🇫🇷,Le Havre,🇫🇷,Ligue 1,Regular Season - 2,Parc Olympique Lyonnais,Lyon,France,https://media.api-sports.io/football/teams/80.png,https://media.api-sports.io/football/teams/111.png,,
61_1552740,Scheduled,0,0,97,110,2026-08-29T18:45:00+00:00,W10=,Lorient,🇫🇷,Estac Troyes,🇫🇷,Ligue 1,Regular Season - 2,Stade du Moustoir,Lorient,France,https://media.api-sports.io/football/teams/97.png,https://media.api-sports.io/football/teams/110.png,,
61_1552739,Scheduled,0,0,106,96,2026-08-29T18:45:00+00:00,W10=,Stade Brestois 29,🇫🇷,Toulouse,🇫🇷,Ligue 1,Regular Season - 2,Stade,Brest,France,https://media.api-sports.io/football/teams/106.png,https://media.api-sports.io/football/teams/96.png,,
61_1552738,Scheduled,0,0,108,77,2026-08-29T18:45:00+00:00,W10=,Auxerre,🇫🇷,Angers,🇫🇷,Ligue 1,Regular Season - 2,Stade,Auxerre,France,https://media.api-sports.io/football/teams/108.png,https://media.api-sports.io/football/teams/77.png,,
61_1552743,Scheduled,0,0,114,84,2026-08-30T13:00:00+00:00,W10=,Paris FC,🇫🇷,Nice,🇫🇷,Ligue 1,Regular Season - 2,Stade Jean Bouin,Paris,France,https://media.api-sports.io/football/teams/114.png,https://media.api-sports.io/football/teams/84.png,,
61_1552744,Scheduled,0,0,94,1298,2026-08-30T15:15:00+00:00,W10=,Rennes,🇫🇷,Le Mans,🇫🇷,Ligue 1,Regular Season - 2,Roazhon Park,Rennes,France,https://media.api-sports.io/football/teams/94.png,https://media.api-sports.io/football/teams/1298.png,,
61_1552742,Scheduled,0,0,91,81,2026-08-30T18:45:00+00:00,W10=,Monaco,🇫🇷,Marseille,🔵⚪️,Ligue 1,Regular Season - 2,Stade Louis II,Monaco,France,https://media.api-sports.io/football/teams/91.png,https://media.api-sports.io/football/teams/81.png,,
61_1552747,Scheduled,0,0,77,94,2026-09-05T15:00:00+00:00,W10=,Angers,🇫🇷,Rennes,🇫🇷,Ligue 1,Regular Season - 3,Stade Raymond-Kopa,Angers,France,https://media.api-sports.io/football/teams/77.png,https://media.api-sports.io/football/teams/94.png,,
61_1552750,Scheduled,0,0,80,108,2026-09-05T15:00:00+00:00,W10=,Lyon,🇫🇷,Auxerre,🇫🇷,Ligue 1,Regular Season - 3,Parc Olympique Lyonnais,Lyon,France,https://media.api-sports.io/football/teams/80.png,https://media.api-sports.io/football/teams/108.png,,
61_1552751,Scheduled,0,0,81,114,2026-09-05T15:00:00+00:00,W10=,Marseille,🔵⚪️,Paris FC,🇫🇷,Ligue 1,Regular Season - 3,Stade,Marseille,France,https://media.api-sports.io/football/teams/81.png,https://media.api-sports.io/football/teams/114.png,,
61_1552752,Scheduled,0,0,84,1298,2026-09-05T15:00:00+00:00,W10=,Nice,🇫🇷,Le Mans,🇫🇷,Ligue 1,Regular Season - 3,Allianz Riviera,Nice,France,https://media.api-sports.io/football/teams/84.png,https://media.api-sports.io/football/teams/1298.png,,
61_1552753,Scheduled,0,0,85,91,2026-09-05T15:00:00+00:00,W10=,Paris Saint Germain,🔵🔴,Monaco,🇫🇷,Ligue 1,Regular Season - 3,Parc des Princes,Paris,France,https://media.api-sports.io/football/teams/85.png,https://media.api-sports.io/football/teams/91.png,,
61_1552754,Scheduled,0,0,96,79,2026-09-05T15:00:00+00:00,W10=,Toulouse,🇫🇷,Lille,🇫🇷,Ligue 1,Regular Season - 3,Stadium de Toulouse,Toulouse,France,https://media.api-sports.io/football/teams/96.png,https://media.api-sports.io/football/teams/79.png,,
61_1552755,Scheduled,0,0,110,95,2026-09-05T15:00:00+00:00,W10=,Estac Troyes,🇫🇷,Strasbourg,🇫🇷,Ligue 1,Regular Season - 3,Stade,Troyes,France,https://media.api-sports.io/football/teams/110.png,https://media.api-sports.io/football/teams/95.png,,
61_1552748,Scheduled,0,0,111,106,2026-09-05T15:00:00+00:00,W10=,Le Havre,🇫🇷,Stade Brestois 29,🇫🇷,Ligue 1,Regular Season - 3,Stade,Le Havre,France,https://media.api-sports.io/football/teams/111.png,https://media.api-sports.io/football/teams/106.png,,
61_1552749,Scheduled,0,0,116,97,2026-09-05T15:00:00+00:00,W10=,Lens,🇫🇷,Lorient,🇫🇷,Ligue 1,Regular Season - 3,Stade Bollaert-Delelis,Lens,France,https://media.api-sports.io/football/teams/116.png,https://media.api-sports.io/football/teams/97.png,,
61_1552760,Scheduled,0,0,79,110,2026-09-12T15:00:00+00:00,W10=,Lille,🇫🇷,Estac Troyes,🇫🇷,Ligue 1,Regular Season - 4,Stade Pierre-Mauroy,Ville,France,https://media.api-sports.io/football/teams/79.png,https://media.api-sports.io/football/teams/110.png,,
61_1552763,Scheduled,0,0,94,81,2026-09-12T15:00:00+00:00,W10=,Rennes,🇫🇷,Marseille,🔵⚪️,Ligue 1,Regular Season - 4,Roazhon Park,Rennes,France,https://media.api-sports.io/football/teams/94.png,https://media.api-sports.io/football/teams/81.png,,
61_1552764,Scheduled,0,0,95,91,2026-09-12T15:00:00+00:00,W10=,Strasbourg,🇫🇷,Monaco,🇫🇷,Ligue 1,Regular Season - 4,Stade de la Meinau,Strasbourg,France,https://media.api-sports.io/football/teams/95.png,https://media.api-sports.io/football/teams/91.png,,
61_1552761,Scheduled,0,0,97,96,2026-09-12T15:00:00+00:00,W10=,Lorient,🇫🇷,Toulouse,🇫🇷,Ligue 1,Regular Season - 4,Stade du Moustoir,Lorient,France,https://media.api-sports.io/football/teams/97.png,https://media.api-sports.io/football/teams/96.png,,
61_1552757,Scheduled,0,0,106,85,2026-09-12T15:00:00+00:00,W10=,Stade Brestois 29,🇫🇷,Paris Saint Germain,🔵🔴,Ligue 1,Regular Season - 4,Stade,Brest,France,https://media.api-sports.io/football/teams/106.png,https://media.api-sports.io/football/teams/85.png,,
61_1552756,Scheduled,0,0,108,84,2026-09-12T15:00:00+00:00,W10=,Auxerre,🇫🇷,Nice,🇫🇷,Ligue 1,Regular Season - 4,Stade,Auxerre,France,https://media.api-sports.io/football/teams/108.png,https://media.api-sports.io/football/teams/84.png,,
61_1552758,Scheduled,0,0,111,77,2026-09-12T15:00:00+00:00,W10=,Le Havre,🇫🇷,Angers,🇫🇷,Ligue 1,Regular Season - 4,Stade,Le Havre,France,https://media.api-sports.io/football/teams/111.png,https://media.api-sports.io/football/teams/77.png,,
61_1552762,Scheduled,0,0,114,80,2026-09-12T15:00:00+00:00,W10=,Paris FC,🇫🇷,Lyon,🇫🇷,Ligue 1,Regular Season - 4,Stade Jean Bouin,Paris,France,https://media.api-sports.io/football/teams/114.png,https://media.api-sports.io/football/teams/80.png,,
61_1552759,Scheduled,0,0,1298,116,2026-09-12T15:00:00+00:00,W10=,Le Mans,🇫🇷,Lens,🇫🇷,Ligue 1,Regular Season - 4,Stade Marie-Marvingt,Le Mans,France,https://media.api-sports.io/football/teams/1298.png,https://media.api-sports.io/football/teams/116.png,,
61_1552765,Scheduled,0,0,77,110,2026-09-19T15:00:00+00:00,W10=,Angers,🇫🇷,Estac Troyes,🇫🇷,Ligue 1,Regular Season - 5,Stade Raymond-Kopa,Angers,France,https://media.api-sports.io/football/teams/77.png,https://media.api-sports.io/football/teams/110.png,,
61_1552768,Scheduled,0,0,80,94,2026-09-19T15:00:00+00:00,W10=,Lyon,🇫🇷,Rennes,🇫🇷,Ligue 1,Regular Season - 5,Parc Olympique Lyonnais,Lyon,France,https://media.api-sports.io/football/teams/80.png,https://media.api-sports.io/football/teams/94.png,,
61_1552770,Scheduled,0,0,84,79,2026-09-19T15:00:00+00:00,W10=,Nice,🇫🇷,Lille,🇫🇷,Ligue 1,Regular Season - 5,Allianz Riviera,Nice,France,https://media.api-sports.io/football/teams/84.png,https://media.api-sports.io/football/teams/79.png,,
61_1552769,Scheduled,0,0,91,116,2026-09-19T15:00:00+00:00,W10=,Monaco,🇫🇷,Lens,🇫🇷,Ligue 1,Regular Season - 5,Stade Louis II,Monaco,France,https://media.api-sports.io/football/teams/91.png,https://media.api-sports.io/football/teams/116.png,,
61_1552772,Scheduled,0,0,96,111,2026-09-19T15:00:00+00:00,W10=,Toulouse,🇫🇷,Le Havre,🇫🇷,Ligue 1,Regular Season - 5,Stadium de Toulouse,Toulouse,France,https://media.api-sports.io/football/teams/96.png,https://media.api-sports.io/football/teams/111.png,,
61_1552766,Scheduled,0,0,108,106,2026-09-19T15:00:00+00:00,W10=,Auxerre,🇫🇷,Stade Brestois 29,🇫🇷,Ligue 1,Regular Season - 5,Stade,Auxerre,France,https://media.api-sports.io/football/teams/108.png,https://media.api-sports.io/football/teams/106.png,,
61_1552771,Scheduled,0,0,114,95,2026-09-19T15:00:00+00:00,W10=,Paris FC,🇫🇷,Strasbourg,🇫🇷,Ligue 1,Regular Season - 5,Stade Jean Bouin,Paris,France,https://media.api-sports.io/football/teams/114.png,https://media.api-sports.io/football/teams/95.png,,
61_1552767,Scheduled,0,0,1298,97,2026-09-19T15:00:00+00:00,W10=,Le Mans,🇫🇷,Lorient,🇫🇷,Ligue 1,Regular Season - 5,Stade Marie-Marvingt,Le Mans,France,https://media.api-sports.io/football/teams/1298.png,https://media.api-sports.io/football/teams/97.png,,
61_1552773,Scheduled,0,0,81,85,2026-09-20T18:45:00+00:00,W10=,Marseille,🔵⚪️,Paris Saint Germain,🔵🔴,Ligue 1,Regular Season - 5,Stade,Marseille,France,https://media.api-sports.io/football/teams/81.png,https://media.api-sports.io/football/teams/85.png,,
61_1552776,Scheduled,0,0,79,111,2026-10-10T15:00:00+00:00,W10=,Lille,🇫🇷,Le Havre,🇫🇷,Ligue 1,Regular Season - 6,Stade Pierre-Mauroy,Ville,France,https://media.api-sports.io/football/teams/79.png,https://media.api-sports.io/football/teams/111.png,,
61_1552779,Scheduled,0,0,84,95,2026-10-10T15:00:00+00:00,W10=,Nice,🇫🇷,Strasbourg,🇫🇷,Ligue 1,Regular Season - 6,Allianz Riviera,Nice,France,https://media.api-sports.io/football/teams/84.png,https://media.api-sports.io/football/teams/95.png,,
61_1552780,Scheduled,0,0,85,1298,2026-10-10T15:00:00+00:00,W10=,Paris Saint Germain,🔵🔴,Le Mans,🇫🇷,Ligue 1,Regular Season - 6,Parc des Princes,Paris,France,https://media.api-sports.io/football/teams/85.png,https://media.api-sports.io/football/teams/1298.png,,
61_1552778,Scheduled,0,0,91,96,2026-10-10T15:00:00+00:00,W10=,Monaco,🇫🇷,Toulouse,🇫🇷,Ligue 1,Regular Season - 6,Stade Louis II,Monaco,France,https://media.api-sports.io/football/teams/91.png,https://media.api-sports.io/football/teams/96.png,,
61_1552781,Scheduled,0,0,94,108,2026-10-10T15:00:00+00:00,W10=,Rennes,🇫🇷,Auxerre,🇫🇷,Ligue 1,Regular Season - 6,Roazhon Park,Rennes,France,https://media.api-sports.io/football/teams/94.png,https://media.api-sports.io/football/teams/108.png,,
61_1552777,Scheduled,0,0,97,114,2026-10-10T15:00:00+00:00,W10=,Lorient,🇫🇷,Paris FC,🇫🇷,Ligue 1,Regular Season - 6,Stade du Moustoir,Lorient,France,https://media.api-sports.io/football/teams/97.png,https://media.api-sports.io/football/teams/114.png,,
61_1552774,Scheduled,0,0,106,77,2026-10-10T15:00:00+00:00,W10=,Stade Brestois 29,🇫🇷,Angers,🇫🇷,Ligue 1,Regular Season - 6,Stade,Brest,France,https://media.api-sports.io/football/teams/106.png,https://media.api-sports.io/football/teams/77.png,,
61_1552782,Scheduled,0,0,110,81,2026-10-10T15:00:00+00:00,W10=,Estac Troyes,🇫🇷,Marseille,🔵⚪️,Ligue 1,Regular Season - 6,Stade,Troyes,France,https://media.api-sports.io/football/teams/110.png,https://media.api-sports.io/football/teams/81.png,,
61_1552775,Scheduled,0,0,116,80,2026-10-10T15:00:00+00:00,W10=,Lens,🇫🇷,Lyon,🇫🇷,Ligue 1,Regular Season - 6,Stade Bollaert-Delelis,Lens,France,https://media.api-sports.io/football/teams/116.png,https://media.api-sports.io/football/teams/80.png,,
61_1552783,Scheduled,0,0,77,81,2026-10-17T15:00:00+00:00,W10=,Angers,🇫🇷,Marseille,🔵⚪️,Ligue 1,Regular Season - 7,Stade Raymond-Kopa,Angers,France,https://media.api-sports.io/football/teams/77.png,https://media.api-sports.io/football/teams/81.png,,
61_1552786,Scheduled,0,0,79,106,2026-10-17T15:00:00+00:00,W10=,Lille,🇫🇷,Stade Brestois 29,🇫🇷,Ligue 1,Regular Season - 7,Stade Pierre-Mauroy,Ville,France,https://media.api-sports.io/football/teams/79.png,https://media.api-sports.io/football/teams/106.png,,
61_1552788,Scheduled,0,0,80,84,2026-10-17T15:00:00+00:00,W10=,Lyon,🇫🇷,Nice,🇫🇷,Ligue 1,Regular Season - 7,Parc Olympique Lyonnais,Lyon,France,https://media.api-sports.io/football/teams/80.png,https://media.api-sports.io/football/teams/84.png,,
61_1552790,Scheduled,0,0,95,85,2026-10-17T15:00:00+00:00,W10=,Strasbourg,🇫🇷,Paris Saint Germain,🔵🔴,Ligue 1,Regular Season - 7,Stade de la Meinau,Strasbourg,France,https://media.api-sports.io/football/teams/95.png,https://media.api-sports.io/football/teams/85.png,,
61_1552787,Scheduled,0,0,97,91,2026-10-17T15:00:00+00:00,W10=,Lorient,🇫🇷,Monaco,🇫🇷,Ligue 1,Regular Season - 7,Stade du Moustoir,Lorient,France,https://media.api-sports.io/football/teams/97.png,https://media.api-sports.io/football/teams/91.png,,
61_1552791,Scheduled,0,0,110,116,2026-10-17T15:00:00+00:00,W10=,Estac Troyes,🇫🇷,Lens,🇫🇷,Ligue 1,Regular Season - 7,Stade,Troyes,France,https://media.api-sports.io/football/teams/110.png,https://media.api-sports.io/football/teams/116.png,,
61_1552784,Scheduled,0,0,111,108,2026-10-17T15:00:00+00:00,W10=,Le Havre,🇫🇷,Auxerre,🇫🇷,Ligue 1,Regular Season - 7,Stade,Le Havre,France,https://media.api-sports.io/football/teams/111.png,https://media.api-sports.io/football/teams/108.png,,
61_1552789,Scheduled,0,0,114,94,2026-10-17T15:00:00+00:00,W10=,Paris FC,🇫🇷,Rennes,🇫🇷,Ligue 1,Regular Season - 7,Stade Jean Bouin,Paris,France,https://media.api-sports.io/football/teams/114.png,https://media.api-sports.io/football/teams/94.png,,
61_1552785,Scheduled,0,0,1298,96,2026-10-17T15:00:00+00:00,W10=,Le Mans,🇫🇷,Toulouse,🇫🇷,Ligue 1,Regular Season - 7,Stade Marie-Marvingt,Le Mans,France,https://media.api-sports.io/football/teams/1298.png,https://media.api-sports.io/football/teams/96.png,,
61_1552792,Scheduled,0,0,77,97,2026-10-24T15:00:00+00:00,W10=,Angers,🇫🇷,Lorient,🇫🇷,Ligue 1,Regular Season - 8,Stade Raymond-Kopa,Angers,France,https://media.api-sports.io/football/teams/77.png,https://media.api-sports.io/football/teams/97.png,,
61_1552796,Scheduled,0,0,81,111,2026-10-24T15:00:00+00:00,W10=,Marseille,🔵⚪️,Le Havre,🇫🇷,Ligue 1,Regular Season - 8,Stade,Marseille,France,https://media.api-sports.io/football/teams/81.png,https://media.api-sports.io/football/teams/111.png,,
61_1552797,Scheduled,0,0,91,79,2026-10-24T15:00:00+00:00,W10=,Monaco,🇫🇷,Lille,🇫🇷,Ligue 1,Regular Season - 8,Stade Louis II,Monaco,France,https://media.api-sports.io/football/teams/91.png,https://media.api-sports.io/football/teams/79.png,,
61_1552798,Scheduled,0,0,94,95,2026-10-24T15:00:00+00:00,W10=,Rennes,🇫🇷,Strasbourg,🇫🇷,Ligue 1,Regular Season - 8,Roazhon Park,Rennes,France,https://media.api-sports.io/football/teams/94.png,https://media.api-sports.io/football/teams/95.png,,
61_1552799,Scheduled,0,0,96,110,2026-10-24T15:00:00+00:00,W10=,Toulouse,🇫🇷,Estac Troyes,🇫🇷,Ligue 1,Regular Season - 8,Stadium de Toulouse,Toulouse,France,https://media.api-sports.io/football/teams/96.png,https://media.api-sports.io/football/teams/110.png,,
61_1552794,Scheduled,0,0,106,84,2026-10-24T15:00:00+00:00,W10=,Stade Brestois 29,🇫🇷,Nice,🇫🇷,Ligue 1,Regular Season - 8,Stade,Brest,France,https://media.api-sports.io/football/teams/106.png,https://media.api-sports.io/football/teams/84.png,,
61_1552793,Scheduled,0,0,108,1298,2026-10-24T15:00:00+00:00,W10=,Auxerre,🇫🇷,Le Mans,🇫🇷,Ligue 1,Regular Season - 8,Stade,Auxerre,France,https://media.api-sports.io/football/teams/108.png,https://media.api-sports.io/football/teams/1298.png,,
61_1552795,Scheduled,0,0,116,114,2026-10-24T15:00:00+00:00,W10=,Lens,🇫🇷,Paris FC,🇫🇷,Ligue 1,Regular Season - 8,Stade Bollaert-Delelis,Lens,France,https://media.api-sports.io/football/teams/116.png,https://media.api-sports.io/football/teams/114.png,,
61_1552800,Scheduled,0,0,85,80,2026-10-25T19:45:00+00:00,W10=,Paris Saint Germain,🔵🔴,Lyon,🇫🇷,Ligue 1,Regular Season - 8,Parc des Princes,Paris,France,https://media.api-sports.io/football/teams/85.png,https://media.api-sports.io/football/teams/80.png,,
61_1552802,Scheduled,0,0,79,116,2026-10-31T16:00:00+00:00,W10=,Lille,🇫🇷,Lens,🇫🇷,Ligue 1,Regular Season - 9,Stade Pierre-Mauroy,Ville,France,https://media.api-sports.io/football/teams/79.png,https://media.api-sports.io/football/teams/116.png,,
61_1552804,Scheduled,0,0,80,77,2026-10-31T16:00:00+00:00,W10=,Lyon,🇫🇷,Angers,🇫🇷,Ligue 1,Regular Season - 9,Parc Olympique Lyonnais,Lyon,France,https://media.api-sports.io/football/teams/80.png,https://media.api-sports.io/football/teams/77.png,,
61_1552805,Scheduled,0,0,81,96,2026-10-31T16:00:00+00:00,W10=,Marseille,🔵⚪️,Toulouse,🇫🇷,Ligue 1,Regular Season - 9,Stade,Marseille,France,https://media.api-sports.io/football/teams/81.png,https://media.api-sports.io/football/teams/96.png,,
61_1552806,Scheduled,0,0,84,94,2026-10-31T16:00:00+00:00,W10=,Nice,🇫🇷,Rennes,🇫🇷,Ligue 1,Regular Season - 9,Allianz Riviera,Nice,France,https://media.api-sports.io/football/teams/84.png,https://media.api-sports.io/football/teams/94.png,,
61_1552808,Scheduled,0,0,95,108,2026-10-31T16:00:00+00:00,W10=,Strasbourg,🇫🇷,Auxerre,🇫🇷,Ligue 1,Regular Season - 9,Stade de la Meinau,Strasbourg,France,https://media.api-sports.io/football/teams/95.png,https://media.api-sports.io/football/teams/108.png,,
61_1552803,Scheduled,0,0,97,106,2026-10-31T16:00:00+00:00,W10=,Lorient,🇫🇷,Stade Brestois 29,🇫🇷,Ligue 1,Regular Season - 9,Stade du Moustoir,Lorient,France,https://media.api-sports.io/football/teams/97.png,https://media.api-sports.io/football/teams/106.png,,
61_1552809,Scheduled,0,0,110,1298,2026-10-31T16:00:00+00:00,W10=,Estac Troyes,🇫🇷,Le Mans,🇫🇷,Ligue 1,Regular Season - 9,Stade,Troyes,France,https://media.api-sports.io/football/teams/110.png,https://media.api-sports.io/football/teams/1298.png,,
61_1552801,Scheduled,0,0,111,85,2026-10-31T16:00:00+00:00,W10=,Le Havre,🇫🇷,Paris Saint Germain,🔵🔴,Ligue 1,Regular Season - 9,Stade,Le Havre,France,https://media.api-sports.io/football/teams/111.png,https://media.api-sports.io/football/teams/85.png,,
61_1552807,Scheduled,0,0,114,91,2026-10-31T16:00:00+00:00,W10=,Paris FC,🇫🇷,Monaco,🇫🇷,Ligue 1,Regular Season - 9,Stade Jean Bouin,Paris,France,https://media.api-sports.io/football/teams/114.png,https://media.api-sports.io/football/teams/91.png,,
61_1552810,Scheduled,0,0,77,84,2026-11-07T16:00:00+00:00,W10=,Angers,🇫🇷,Nice,🇫🇷,Ligue 1,Regular Season - 10,Stade Raymond-Kopa,Angers,France,https://media.api-sports.io/football/teams/77.png,https://media.api-sports.io/football/teams/84.png,,
61_1552815,Scheduled,0,0,85,110,2026-11-07T16:00:00+00:00,W10=,Paris Saint Germain,🔵🔴,Estac Troyes,🇫🇷,Ligue 1,Regular Season - 10,Parc des Princes,Paris,France,https://media.api-sports.io/football/teams/85.png,https://media.api-sports.io/football/teams/110.png,,
61_1552816,Scheduled,0,0,94,79,2026-11-07T16:00:00+00:00,W10=,Rennes,🇫🇷,Lille,🇫🇷,Ligue 1,Regular Season - 10,Roazhon Park,Rennes,France,https://media.api-sports.io/football/teams/94.png,https://media.api-sports.io/football/teams/79.png,,
61_1552817,Scheduled,0,0,96,95,2026-11-07T16:00:00+00:00,W10=,Toulouse,🇫🇷,Strasbourg,🇫🇷,Ligue 1,Regular Season - 10,Stadium de Toulouse,Toulouse,France,https://media.api-sports.io/football/teams/96.png,https://media.api-sports.io/football/teams/95.png,,
61_1552812,Scheduled,0,0,106,80,2026-11-07T16:00:00+00:00,W10=,Stade Brestois 29,🇫🇷,Lyon,🇫🇷,Ligue 1,Regular Season - 10,Stade,Brest,France,https://media.api-sports.io/football/teams/106.png,https://media.api-sports.io/football/teams/80.png,,
61_1552811,Scheduled,0,0,108,114,2026-11-07T16:00:00+00:00,W10=,Auxerre,🇫🇷,Paris FC,🇫🇷,Ligue 1,Regular Season - 10,Stade,Auxerre,France,https://media.api-sports.io/football/teams/108.png,https://media.api-sports.io/football/teams/114.png,,
61_1552813,Scheduled,0,0,111,97,2026-11-07T16:00:00+00:00,W10=,Le Havre,🇫🇷,Lorient,🇫🇷,Ligue 1,Regular Season - 10,Stade,Le Havre,France,https://media.api-sports.io/football/teams/111.png,https://media.api-sports.io/football/teams/97.png,,
61_1552814,Scheduled,0,0,1298,91,2026-11-07T16:00:00+00:00,W10=,Le Mans,🇫🇷,Monaco,🇫🇷,Ligue 1,Regular Season - 10,Stade Marie-Marvingt,Le Mans,France,https://media.api-sports.io/football/teams/1298.png,https://media.api-sports.io/football/teams/91.png,,
61_1552818,Scheduled,0,0,116,81,2026-11-07T19:45:00+00:00,W10=,Lens,🇫🇷,Marseille,🔵⚪️,Ligue 1,Regular Season - 10,Stade Bollaert-Delelis,Lens,France,https://media.api-sports.io/football/teams/116.png,https://media.api-sports.io/football/teams/81.png,,
61_1552820,Scheduled,0,0,79,80,2026-11-21T16:00:00+00:00,W10=,Lille,🇫🇷,Lyon,🇫🇷,Ligue 1,Regular Season - 11,Stade Pierre-Mauroy,Ville,France,https://media.api-sports.io/football/teams/79.png,https://media.api-sports.io/football/teams/80.png,,
61_1552822,Scheduled,0,0,81,1298,2026-11-21T16:00:00+00:00,W10=,Marseille,🔵⚪️,Le Mans,🇫🇷,Ligue 1,Regular Season - 11,Stade,Marseille,France,https://media.api-sports.io/football/teams/81.png,https://media.api-sports.io/football/teams/1298.png,,
61_1552824,Scheduled,0,0,84,85,2026-11-21T16:00:00+00:00,W10=,Nice,🇫🇷,Paris Saint Germain,🔵🔴,Ligue 1,Regular Season - 11,Allianz Riviera,Nice,France,https://media.api-sports.io/football/teams/84.png,https://media.api-sports.io/football/teams/85.png,,
61_1552823,Scheduled,0,0,91,108,2026-11-21T16:00:00+00:00,W10=,Monaco,🇫🇷,Auxerre,🇫🇷,Ligue 1,Regular Season - 11,Stade Louis II,Monaco,France,https://media.api-sports.io/football/teams/91.png,https://media.api-sports.io/football/teams/108.png,,
61_1552826,Scheduled,0,0,95,106,2026-11-21T16:00:00+00:00,W10=,Strasbourg,🇫🇷,Stade Brestois 29,🇫🇷,Ligue 1,Regular Season - 11,Stade de la Meinau,Strasbourg,France,https://media.api-sports.io/football/teams/95.png,https://media.api-sports.io/football/teams/106.png,,
61_1552821,Scheduled,0,0,97,94,2026-11-21T16:00:00+00:00,W10=,Lorient,🇫🇷,Rennes,🇫🇷,Ligue 1,Regular Season - 11,Stade du Moustoir,Lorient,France,https://media.api-sports.io/football/teams/97.png,https://media.api-sports.io/football/teams/94.png,,
61_1552827,Scheduled,0,0,110,111,2026-11-21T16:00:00+00:00,W10=,Estac Troyes,🇫🇷,Le Havre,🇫🇷,Ligue 1,Regular Season - 11,Stade,Troyes,France,https://media.api-sports.io/football/teams/110.png,https://media.api-sports.io/football/teams/111.png,,
61_1552825,Scheduled,0,0,114,77,2026-11-21T16:00:00+00:00,W10=,Paris FC,🇫🇷,Angers,🇫🇷,Ligue 1,Regular Season - 11,Stade Jean Bouin,Paris,France,https://media.api-sports.io/football/teams/114.png,https://media.api-sports.io/football/teams/77.png,,
61_1552819,Scheduled,0,0,116,96,2026-11-21T16:00:00+00:00,W10=,Lens,🇫🇷,Toulouse,🇫🇷,Ligue 1,Regular Season - 11,Stade Bollaert-Delelis,Lens,France,https://media.api-sports.io/football/teams/116.png,https://media.api-sports.io/football/teams/96.png,,
61_1552828,Scheduled,0,0,77,116,2026-11-28T16:00:00+00:00,W10=,Angers,🇫🇷,Lens,🇫🇷,Ligue 1,Regular Season - 12,Stade Raymond-Kopa,Angers,France,https://media.api-sports.io/football/teams/77.png,https://media.api-sports.io/football/teams/116.png,,
61_1552833,Scheduled,0,0,80,91,2026-11-28T16:00:00+00:00,W10=,Lyon,🇫🇷,Monaco,🇫🇷,Ligue 1,Regular Season - 12,Parc Olympique Lyonnais,Lyon,France,https://media.api-sports.io/football/teams/80.png,https://media.api-sports.io/football/teams/91.png,,
61_1552834,Scheduled,0,0,84,110,2026-11-28T16:00:00+00:00,W10=,Nice,🇫🇷,Estac Troyes,🇫🇷,Ligue 1,Regular Season - 12,Allianz Riviera,Nice,France,https://media.api-sports.io/football/teams/84.png,https://media.api-sports.io/football/teams/110.png,,
61_1552835,Scheduled,0,0,85,97,2026-11-28T16:00:00+00:00,W10=,Paris Saint Germain,🔵🔴,Lorient,🇫🇷,Ligue 1,Regular Season - 12,Parc des Princes,Paris,France,https://media.api-sports.io/football/teams/85.png,https://media.api-sports.io/football/teams/97.png,,
61_1552836,Scheduled,0,0,96,94,2026-11-28T16:00:00+00:00,W10=,Toulouse,🇫🇷,Rennes,🇫🇷,Ligue 1,Regular Season - 12,Stadium de Toulouse,Toulouse,France,https://media.api-sports.io/football/teams/96.png,https://media.api-sports.io/football/teams/94.png,,
61_1552830,Scheduled,0,0,106,114,2026-11-28T16:00:00+00:00,W10=,Stade Brestois 29,🇫🇷,Paris FC,🇫🇷,Ligue 1,Regular Season - 12,Stade,Brest,France,https://media.api-sports.io/football/teams/106.png,https://media.api-sports.io/football/teams/114.png,,
61_1552829,Scheduled,0,0,108,81,2026-11-28T16:00:00+00:00,W10=,Auxerre,🇫🇷,Marseille,🔵⚪️,Ligue 1,Regular Season - 12,Stade,Auxerre,France,https://media.api-sports.io/football/teams/108.png,https://media.api-sports.io/football/teams/81.png,,
61_1552831,Scheduled,0,0,111,95,2026-11-28T16:00:00+00:00,W10=,Le Havre,🇫🇷,Strasbourg,🇫🇷,Ligue 1,Regular Season - 12,Stade,Le Havre,France,https://media.api-sports.io/football/teams/111.png,https://media.api-sports.io/football/teams/95.png,,
61_1552832,Scheduled,0,0,1298,79,2026-11-28T16:00:00+00:00,W10=,Le Mans,🇫🇷,Lille,🇫🇷,Ligue 1,Regular Season - 12,Stade Marie-Marvingt,Le Mans,France,https://media.api-sports.io/football/teams/1298.png,https://media.api-sports.io/football/teams/79.png,,
61_1552838,Scheduled,0,0,79,108,2026-12-05T16:00:00+00:00,W10=,Lille,🇫🇷,Auxerre,🇫🇷,Ligue 1,Regular Season - 13,Stade Pierre-Mauroy,Ville,France,https://media.api-sports.io/football/teams/79.png,https://media.api-sports.io/football/teams/108.png,,
61_1552839,Scheduled,0,0,81,84,2026-12-05T16:00:00+00:00,W10=,Marseille,🔵⚪️,Nice,🇫🇷,Ligue 1,Regular Season - 13,Stade,Marseille,France,https://media.api-sports.io/football/teams/81.png,https://media.api-sports.io/football/teams/84.png,,
61_1552840,Scheduled,0,0,91,77,2026-12-05T16:00:00+00:00,W10=,Monaco,🇫🇷,Angers,🇫🇷,Ligue 1,Regular Season - 13,Stade Louis II,Monaco,France,https://media.api-sports.io/football/teams/91.png,https://media.api-sports.io/football/teams/77.png,,
61_1552842,Scheduled,0,0,94,106,2026-12-05T16:00:00+00:00,W10=,Rennes,🇫🇷,Stade Brestois 29,🇫🇷,Ligue 1,Regular Season - 13,Roazhon Park,Rennes,France,https://media.api-sports.io/football/teams/94.png,https://media.api-sports.io/football/teams/106.png,,
61_1552843,Scheduled,0,0,95,97,2026-12-05T16:00:00+00:00,W10=,Strasbourg,🇫🇷,Lorient,🇫🇷,Ligue 1,Regular Season - 13,Stade de la Meinau,Strasbourg,France,https://media.api-sports.io/football/teams/95.png,https://media.api-sports.io/football/teams/97.png,,
61_1552844,Scheduled,0,0,96,85,2026-12-05T16:00:00+00:00,W10=,Toulouse,🇫🇷,Paris Saint Germain,🔵🔴,Ligue 1,Regular Season - 13,Stadium de Toulouse,Toulouse,France,https://media.api-sports.io/football/teams/96.png,https://media.api-sports.io/football/teams/85.png,,
61_1552845,Scheduled,0,0,110,80,2026-12-05T16:00:00+00:00,W10=,Estac Troyes,🇫🇷,Lyon,🇫🇷,Ligue 1,Regular Season - 13,Stade,Troyes,France,https://media.api-sports.io/football/teams/110.png,https://media.api-sports.io/football/teams/80.png,,
61_1552841,Scheduled,0,0,114,1298,2026-12-05T16:00:00+00:00,W10=,Paris FC,🇫🇷,Le Mans,🇫🇷,Ligue 1,Regular Season - 13,Stade Jean Bouin,Paris,France,https://media.api-sports.io/football/teams/114.png,https://media.api-sports.io/football/teams/1298.png,,
61_1552837,Scheduled,0,0,116,111,2026-12-05T16:00:00+00:00,W10=,Lens,🇫🇷,Le Havre,🇫🇷,Ligue 1,Regular Season - 13,Stade Bollaert-Delelis,Lens,France,https://media.api-sports.io/football/teams/116.png,https://media.api-sports.io/football/teams/111.png,,
61_1552846,Scheduled,0,0,77,95,2026-12-12T16:00:00+00:00,W10=,Angers,🇫🇷,Strasbourg,🇫🇷,Ligue 1,Regular Season - 14,Stade Raymond-Kopa,Angers,France,https://media.api-sports.io/football/teams/77.png,https://media.api-sports.io/football/teams/95.png,,
61_1552851,Scheduled,0,0,84,116,2026-12-12T16:00:00+00:00,W10=,Nice,🇫🇷,Lens,🇫🇷,Ligue 1,Regular Season - 14,Allianz Riviera,Nice,France,https://media.api-sports.io/football/teams/84.png,https://media.api-sports.io/football/teams/116.png,,
61_1552852,Scheduled,0,0,85,114,2026-12-12T16:00:00+00:00,W10=,Paris Saint Germain,🔵🔴,Paris FC,🇫🇷,Ligue 1,Regular Season - 14,Parc des Princes,Paris,France,https://media.api-sports.io/football/teams/85.png,https://media.api-sports.io/football/teams/114.png,,
61_1552853,Scheduled,0,0,94,91,2026-12-12T16:00:00+00:00,W10=,Rennes,🇫🇷,Monaco,🇫🇷,Ligue 1,Regular Season - 14,Roazhon Park,Rennes,France,https://media.api-sports.io/football/teams/94.png,https://media.api-sports.io/football/teams/91.png,,
61_1552850,Scheduled,0,0,97,79,2026-12-12T16:00:00+00:00,W10=,Lorient,🇫🇷,Lille,🇫🇷,Ligue 1,Regular Season - 14,Stade du Moustoir,Lorient,France,https://media.api-sports.io/football/teams/97.png,https://media.api-sports.io/football/teams/79.png,,
61_1552848,Scheduled,0,0,106,110,2026-12-12T16:00:00+00:00,W10=,Stade Brestois 29,🇫🇷,Estac Troyes,🇫🇷,Ligue 1,Regular Season - 14,Stade,Brest,France,https://media.api-sports.io/football/teams/106.png,https://media.api-sports.io/football/teams/110.png,,
61_1552847,Scheduled,0,0,108,96,2026-12-12T16:00:00+00:00,W10=,Auxerre,🇫🇷,Toulouse,🇫🇷,Ligue 1,Regular Season - 14,Stade,Auxerre,France,https://media.api-sports.io/football/teams/108.png,https://media.api-sports.io/football/teams/96.png,,
61_1552849,Scheduled,0,0,111,1298,2026-12-12T16:00:00+00:00,W10=,Le Havre,🇫🇷,Le Mans,🇫🇷,Ligue 1,Regular Season - 14,Stade,Le Havre,France,https://media.api-sports.io/football/teams/111.png,https://media.api-sports.io/football/teams/1298.png,,
61_1552854,Scheduled,0,0,80,81,2026-12-13T19:45:00+00:00,W10=,Lyon,🇫🇷,Marseille,🔵⚪️,Ligue 1,Regular Season - 14,Parc Olympique Lyonnais,Lyon,France,https://media.api-sports.io/football/teams/80.png,https://media.api-sports.io/football/teams/81.png,,
61_1552857,Scheduled,0,0,79,95,2027-01-02T16:00:00+00:00,W10=,Lille,🇫🇷,Strasbourg,🇫🇷,Ligue 1,Regular Season - 15,Stade Pierre-Mauroy,Ville,France,https://media.api-sports.io/football/teams/79.png,https://media.api-sports.io/football/teams/95.png,,
61_1552859,Scheduled,0,0,91,84,2027-01-02T16:00:00+00:00,W10=,Monaco,🇫🇷,Nice,🇫🇷,Ligue 1,Regular Season - 15,Stade Louis II,Monaco,France,https://media.api-sports.io/football/teams/91.png,https://media.api-sports.io/football/teams/84.png,,
61_1552861,Scheduled,0,0,96,77,2027-01-02T16:00:00+00:00,W10=,Toulouse,🇫🇷,Angers,🇫🇷,Ligue 1,Regular Season - 15,Stadium de Toulouse,Toulouse,France,https://media.api-sports.io/football/teams/96.png,https://media.api-sports.io/football/teams/77.png,,
61_1552858,Scheduled,0,0,97,108,2027-01-02T16:00:00+00:00,W10=,Lorient,🇫🇷,Auxerre,🇫🇷,Ligue 1,Regular Season - 15,Stade du Moustoir,Lorient,France,https://media.api-sports.io/football/teams/97.png,https://media.api-sports.io/football/teams/108.png,,
61_1552855,Scheduled,0,0,106,81,2027-01-02T16:00:00+00:00,W10=,Stade Brestois 29,🇫🇷,Marseille,🔵⚪️,Ligue 1,Regular Season - 15,Stade,Brest,France,https://media.api-sports.io/football/teams/106.png,https://media.api-sports.io/football/teams/81.png,,
61_1552862,Scheduled,0,0,110,94,2027-01-02T16:00:00+00:00,W10=,Estac Troyes,🇫🇷,Rennes,🇫🇷,Ligue 1,Regular Season - 15,Stade,Troyes,France,https://media.api-sports.io/football/teams/110.png,https://media.api-sports.io/football/teams/94.png,,
61_1552860,Scheduled,0,0,114,111,2027-01-02T16:00:00+00:00,W10=,Paris FC,🇫🇷,Le Havre,🇫🇷,Ligue 1,Regular Season - 15,Stade Jean Bouin,Paris,France,https://media.api-sports.io/football/teams/114.png,https://media.api-sports.io/football/teams/111.png,,
61_1552856,Scheduled,0,0,1298,80,2027-01-02T16:00:00+00:00,W10=,Le Mans,🇫🇷,Lyon,🇫🇷,Ligue 1,Regular Season - 15,Stade Marie-Marvingt,Le Mans,France,https://media.api-sports.io/football/teams/1298.png,https://media.api-sports.io/football/teams/80.png,,
61_1552863,Scheduled,0,0,116,85,2027-01-03T19:45:00+00:00,W10=,Lens,🇫🇷,Paris Saint Germain,🔵🔴,Ligue 1,Regular Season - 15,Stade Bollaert-Delelis,Lens,France,https://media.api-sports.io/football/teams/116.png,https://media.api-sports.io/football/teams/85.png,,
61_1552864,Scheduled,0,0,77,85,2027-01-16T16:00:00+00:00,W10=,Angers,🇫🇷,Paris Saint Germain,🔵🔴,Ligue 1,Regular Season - 16,Stade Raymond-Kopa,Angers,France,https://media.api-sports.io/football/teams/77.png,https://media.api-sports.io/football/teams/85.png,,
61_1552866,Scheduled,0,0,80,97,2027-01-16T16:00:00+00:00,W10=,Lyon,🇫🇷,Lorient,🇫🇷,Ligue 1,Regular Season - 16,Parc Olympique Lyonnais,Lyon,France,https://media.api-sports.io/football/teams/80.png,https://media.api-sports.io/football/teams/97.png,,
61_1552867,Scheduled,0,0,81,79,2027-01-16T16:00:00+00:00,W10=,Marseille,🔵⚪️,Lille,🇫🇷,Ligue 1,Regular Season - 16,Stade,Marseille,France,https://media.api-sports.io/football/teams/81.png,https://media.api-sports.io/football/teams/79.png,,
61_1552869,Scheduled,0,0,84,111,2027-01-16T16:00:00+00:00,W10=,Nice,🇫🇷,Le Havre,🇫🇷,Ligue 1,Regular Season - 16,Allianz Riviera,Nice,France,https://media.api-sports.io/football/teams/84.png,https://media.api-sports.io/football/teams/111.png,,
61_1552868,Scheduled,0,0,91,106,2027-01-16T16:00:00+00:00,W10=,Monaco,🇫🇷,Stade Brestois 29,🇫🇷,Ligue 1,Regular Season - 16,Stade Louis II,Monaco,France,https://media.api-sports.io/football/teams/91.png,https://media.api-sports.io/football/teams/106.png,,
61_1552871,Scheduled,0,0,94,116,2027-01-16T16:00:00+00:00,W10=,Rennes,🇫🇷,Lens,🇫🇷,Ligue 1,Regular Season - 16,Roazhon Park,Rennes,France,https://media.api-sports.io/football/teams/94.png,https://media.api-sports.io/football/teams/116.png,,
61_1552872,Scheduled,0,0,95,1298,2027-01-16T16:00:00+00:00,W10=,Strasbourg,🇫🇷,Le Mans,🇫🇷,Ligue 1,Regular Season - 16,Stade de la Meinau,Strasbourg,France,https://media.api-sports.io/football/teams/95.png,https://media.api-sports.io/football/teams/1298.png,,
61_1552865,Scheduled,0,0,108,110,2027-01-16T16:00:00+00:00,W10=,Auxerre,🇫🇷,Estac Troyes,🇫🇷,Ligue 1,Regular Season - 16,Stade,Auxerre,France,https://media.api-sports.io/football/teams/108.png,https://media.api-sports.io/football/teams/110.png,,
61_1552870,Scheduled,0,0,114,96,2027-01-16T16:00:00+00:00,W10=,Paris FC,🇫🇷,Toulouse,🇫🇷,Ligue 1,Regular Season - 16,Stade Jean Bouin,Paris,France,https://media.api-sports.io/football/teams/114.png,https://media.api-sports.io/football/teams/96.png,,
61_1552876,Scheduled,0,0,79,114,2027-01-23T16:00:00+00:00,W10=,Lille,🇫🇷,Paris FC,🇫🇷,Ligue 1,Regular Season - 17,Stade Pierre-Mauroy,Ville,France,https://media.api-sports.io/football/teams/79.png,https://media.api-sports.io/football/teams/114.png,,
61_1552878,Scheduled,0,0,85,108,2027-01-23T16:00:00+00:00,W10=,Paris Saint Germain,🔵🔴,Auxerre,🇫🇷,Ligue 1,Regular Season - 17,Parc des Princes,Paris,France,https://media.api-sports.io/football/teams/85.png,https://media.api-sports.io/football/teams/108.png,,
61_1552879,Scheduled,0,0,95,80,2027-01-23T16:00:00+00:00,W10=,Strasbourg,🇫🇷,Lyon,🇫🇷,Ligue 1,Regular Season - 17,Stade de la Meinau,Strasbourg,France,https://media.api-sports.io/football/teams/95.png,https://media.api-sports.io/football/teams/80.png,,
61_1552880,Scheduled,0,0,96,84,2027-01-23T16:00:00+00:00,W10=,Toulouse,🇫🇷,Nice,🇫🇷,Ligue 1,Regular Season - 17,Stadium de Toulouse,Toulouse,France,https://media.api-sports.io/football/teams/96.png,https://media.api-sports.io/football/teams/84.png,,
61_1552877,Scheduled,0,0,97,81,2027-01-23T16:00:00+00:00,W10=,Lorient,🇫🇷,Marseille,🔵⚪️,Ligue 1,Regular Season - 17,Stade du Moustoir,Lorient,France,https://media.api-sports.io/football/teams/97.png,https://media.api-sports.io/football/teams/81.png,,
61_1552881,Scheduled,0,0,110,91,2027-01-23T16:00:00+00:00,W10=,Estac Troyes,🇫🇷,Monaco,🇫🇷,Ligue 1,Regular Season - 17,Stade,Troyes,France,https://media.api-sports.io/football/teams/110.png,https://media.api-sports.io/football/teams/91.png,,
61_1552873,Scheduled,0,0,111,94,2027-01-23T16:00:00+00:00,W10=,Le Havre,🇫🇷,Rennes,🇫🇷,Ligue 1,Regular Season - 17,Stade,Le Havre,France,https://media.api-sports.io/football/teams/111.png,https://media.api-sports.io/football/teams/94.png,,
61_1552875,Scheduled,0,0,116,106,2027-01-23T16:00:00+00:00,W10=,Lens,🇫🇷,Stade Brestois 29,🇫🇷,Ligue 1,Regular Season - 17,Stade Bollaert-Delelis,Lens,France,https://media.api-sports.io/football/teams/116.png,https://media.api-sports.io/football/teams/106.png,,
61_1552874,Scheduled,0,0,1298,77,2027-01-23T16:00:00+00:00,W10=,Le Mans,🇫🇷,Angers,🇫🇷,Ligue 1,Regular Season - 17,Stade Marie-Marvingt,Le Mans,France,https://media.api-sports.io/football/teams/1298.png,https://media.api-sports.io/football/teams/77.png,,
61_1552882,Scheduled,0,0,77,111,2027-01-30T16:00:00+00:00,W10=,Angers,🇫🇷,Le Havre,🇫🇷,Ligue 1,Regular Season - 18,Stade Raymond-Kopa,Angers,France,https://media.api-sports.io/football/teams/77.png,https://media.api-sports.io/football/teams/111.png,,
61_1552885,Scheduled,0,0,80,79,2027-01-30T16:00:00+00:00,W10=,Lyon,🇫🇷,Lille,🇫🇷,Ligue 1,Regular Season - 18,Parc Olympique Lyonnais,Lyon,France,https://media.api-sports.io/football/teams/80.png,https://media.api-sports.io/football/teams/79.png,,
61_1552886,Scheduled,0,0,81,110,2027-01-30T16:00:00+00:00,W10=,Marseille,🔵⚪️,Estac Troyes,🇫🇷,Ligue 1,Regular Season - 18,Stade,Marseille,France,https://media.api-sports.io/football/teams/81.png,https://media.api-sports.io/football/teams/110.png,,
61_1552887,Scheduled,0,0,91,85,2027-01-30T16:00:00+00:00,W10=,Monaco,🇫🇷,Paris Saint Germain,🔵🔴,Ligue 1,Regular Season - 18,Stade Louis II,Monaco,France,https://media.api-sports.io/football/teams/91.png,https://media.api-sports.io/football/teams/85.png,,
61_1552889,Scheduled,0,0,94,97,2027-01-30T16:00:00+00:00,W10=,Rennes,🇫🇷,Lorient,🇫🇷,Ligue 1,Regular Season - 18,Roazhon Park,Rennes,France,https://media.api-sports.io/football/teams/94.png,https://media.api-sports.io/football/teams/97.png,,
61_1552890,Scheduled,0,0,96,116,2027-01-30T16:00:00+00:00,W10=,Toulouse,🇫🇷,Lens,🇫🇷,Ligue 1,Regular Season - 18,Stadium de Toulouse,Toulouse,France,https://media.api-sports.io/football/teams/96.png,https://media.api-sports.io/football/teams/116.png,,
61_1552883,Scheduled,0,0,106,95,2027-01-30T16:00:00+00:00,W10=,Stade Brestois 29,🇫🇷,Strasbourg,🇫🇷,Ligue 1,Regular Season - 18,Stade,Brest,France,https://media.api-sports.io/football/teams/106.png,https://media.api-sports.io/football/teams/95.png,,
61_1552888,Scheduled,0,0,114,108,2027-01-30T16:00:00+00:00,W10=,Paris FC,🇫🇷,Auxerre,🇫🇷,Ligue 1,Regular Season - 18,Stade Jean Bouin,Paris,France,https://media.api-sports.io/football/teams/114.png,https://media.api-sports.io/football/teams/108.png,,
61_1552884,Scheduled,0,0,1298,84,2027-01-30T16:00:00+00:00,W10=,Le Mans,🇫🇷,Nice,🇫🇷,Ligue 1,Regular Season - 18,Stade Marie-Marvingt,Le Mans,France,https://media.api-sports.io/football/teams/1298.png,https://media.api-sports.io/football/teams/84.png,,
61_1552895,Scheduled,0,0,84,106,2027-02-06T16:00:00+00:00,W10=,Nice,🇫🇷,Stade Brestois 29,🇫🇷,Ligue 1,Regular Season - 19,Allianz Riviera,Nice,France,https://media.api-sports.io/football/teams/84.png,https://media.api-sports.io/football/teams/106.png,,
61_1552896,Scheduled,0,0,94,80,2027-02-06T16:00:00+00:00,W10=,Rennes,🇫🇷,Lyon,🇫🇷,Ligue 1,Regular Season - 19,Roazhon Park,Rennes,France,https://media.api-sports.io/football/teams/94.png,https://media.api-sports.io/football/teams/80.png,,
61_1552897,Scheduled,0,0,95,114,2027-02-06T16:00:00+00:00,W10=,Strasbourg,🇫🇷,Paris FC,🇫🇷,Ligue 1,Regular Season - 19,Stade de la Meinau,Strasbourg,France,https://media.api-sports.io/football/teams/95.png,https://media.api-sports.io/football/teams/114.png,,
61_1552894,Scheduled,0,0,97,1298,2027-02-06T16:00:00+00:00,W10=,Lorient,🇫🇷,Le Mans,🇫🇷,Ligue 1,Regular Season - 19,Stade du Moustoir,Lorient,France,https://media.api-sports.io/football/teams/97.png,https://media.api-sports.io/football/teams/1298.png,,
61_1552891,Scheduled,0,0,108,91,2027-02-06T16:00:00+00:00,W10=,Auxerre,🇫🇷,Monaco,🇫🇷,Ligue 1,Regular Season - 19,Stade,Auxerre,France,https://media.api-sports.io/football/teams/108.png,https://media.api-sports.io/football/teams/91.png,,
61_1552898,Scheduled,0,0,110,79,2027-02-06T16:00:00+00:00,W10=,Estac Troyes,🇫🇷,Lille,🇫🇷,Ligue 1,Regular Season - 19,Stade,Troyes,France,https://media.api-sports.io/football/teams/110.png,https://media.api-sports.io/football/teams/79.png,,
61_1552892,Scheduled,0,0,111,96,2027-02-06T16:00:00+00:00,W10=,Le Havre,🇫🇷,Toulouse,🇫🇷,Ligue 1,Regular Season - 19,Stade,Le Havre,France,https://media.api-sports.io/football/teams/111.png,https://media.api-sports.io/football/teams/96.png,,
61_1552893,Scheduled,0,0,116,77,2027-02-06T16:00:00+00:00,W10=,Lens,🇫🇷,Angers,🇫🇷,Ligue 1,Regular Season - 19,Stade Bollaert-Delelis,Lens,France,https://media.api-sports.io/football/teams/116.png,https://media.api-sports.io/football/teams/77.png,,
61_1552899,Scheduled,0,0,85,81,2027-02-07T19:45:00+00:00,W10=,Paris Saint Germain,🔵🔴,Marseille,🔵⚪️,Ligue 1,Regular Season - 19,Parc des Princes,Paris,France,https://media.api-sports.io/football/teams/85.png,https://media.api-sports.io/football/teams/81.png,,
61_1552903,Scheduled,0,0,79,84,2027-02-13T16:00:00+00:00,W10=,Lille,🇫🇷,Nice,🇫🇷,Ligue 1,Regular Season - 20,Stade Pierre-Mauroy,Ville,France,https://media.api-sports.io/football/teams/79.png,https://media.api-sports.io/football/teams/84.png,,
61_1552905,Scheduled,0,0,80,116,2027-02-13T16:00:00+00:00,W10=,Lyon,🇫🇷,Lens,🇫🇷,Ligue 1,Regular Season - 20,Parc Olympique Lyonnais,Lyon,France,https://media.api-sports.io/football/teams/80.png,https://media.api-sports.io/football/teams/116.png,,
61_1552906,Scheduled,0,0,81,77,2027-02-13T16:00:00+00:00,W10=,Marseille,🔵⚪️,Angers,🇫🇷,Ligue 1,Regular Season - 20,Stade,Marseille,France,https://media.api-sports.io/football/teams/81.png,https://media.api-sports.io/football/teams/77.png,,
61_1552908,Scheduled,0,0,96,91,2027-02-13T16:00:00+00:00,W10=,Toulouse,🇫🇷,Monaco,🇫🇷,Ligue 1,Regular Season - 20,Stadium de Toulouse,Toulouse,France,https://media.api-sports.io/football/teams/96.png,https://media.api-sports.io/football/teams/91.png,,
61_1552904,Scheduled,0,0,97,111,2027-02-13T16:00:00+00:00,W10=,Lorient,🇫🇷,Le Havre,🇫🇷,Ligue 1,Regular Season - 20,Stade du Moustoir,Lorient,France,https://media.api-sports.io/football/teams/97.png,https://media.api-sports.io/football/teams/111.png,,
61_1552901,Scheduled,0,0,106,94,2027-02-13T16:00:00+00:00,W10=,Stade Brestois 29,🇫🇷,Rennes,🇫🇷,Ligue 1,Regular Season - 20,Stade,Brest,France,https://media.api-sports.io/football/teams/106.png,https://media.api-sports.io/football/teams/94.png,,
61_1552900,Scheduled,0,0,108,95,2027-02-13T16:00:00+00:00,W10=,Auxerre,🇫🇷,Strasbourg,🇫🇷,Ligue 1,Regular Season - 20,Stade,Auxerre,France,https://media.api-sports.io/football/teams/108.png,https://media.api-sports.io/football/teams/95.png,,
61_1552907,Scheduled,0,0,114,110,2027-02-13T16:00:00+00:00,W10=,Paris FC,🇫🇷,Estac Troyes,🇫🇷,Ligue 1,Regular Season - 20,Stade Jean Bouin,Paris,France,https://media.api-sports.io/football/teams/114.png,https://media.api-sports.io/football/teams/110.png,,
61_1552902,Scheduled,0,0,1298,85,2027-02-13T16:00:00+00:00,W10=,Le Mans,🇫🇷,Paris Saint Germain,🔵🔴,Ligue 1,Regular Season - 20,Stade Marie-Marvingt,Le Mans,France,https://media.api-sports.io/football/teams/1298.png,https://media.api-sports.io/football/teams/85.png,,
61_1552909,Scheduled,0,0,77,114,2027-02-20T16:00:00+00:00,W10=,Angers,🇫🇷,Paris FC,🇫🇷,Ligue 1,Regular Season - 21,Stade Raymond-Kopa,Angers,France,https://media.api-sports.io/football/teams/77.png,https://media.api-sports.io/football/teams/114.png,,
61_1552912,Scheduled,0,0,79,97,2027-02-20T16:00:00+00:00,W10=,Lille,🇫🇷,Lorient,🇫🇷,Ligue 1,Regular Season - 21,Stade Pierre-Mauroy,Ville,France,https://media.api-sports.io/football/teams/79.png,https://media.api-sports.io/football/teams/97.png,,
61_1552914,Scheduled,0,0,84,108,2027-02-20T16:00:00+00:00,W10=,Nice,🇫🇷,Auxerre,🇫🇷,Ligue 1,Regular Season - 21,Allianz Riviera,Nice,France,https://media.api-sports.io/football/teams/84.png,https://media.api-sports.io/football/teams/108.png,,
61_1552915,Scheduled,0,0,85,106,2027-02-20T16:00:00+00:00,W10=,Paris Saint Germain,🔵🔴,Stade Brestois 29,🇫🇷,Ligue 1,Regular Season - 21,Parc des Princes,Paris,France,https://media.api-sports.io/football/teams/85.png,https://media.api-sports.io/football/teams/106.png,,
61_1552913,Scheduled,0,0,91,1298,2027-02-20T16:00:00+00:00,W10=,Monaco,🇫🇷,Le Mans,🇫🇷,Ligue 1,Regular Season - 21,Stade Louis II,Monaco,France,https://media.api-sports.io/football/teams/91.png,https://media.api-sports.io/football/teams/1298.png,,
61_1552916,Scheduled,0,0,94,96,2027-02-20T16:00:00+00:00,W10=,Rennes,🇫🇷,Toulouse,🇫🇷,Ligue 1,Regular Season - 21,Roazhon Park,Rennes,France,https://media.api-sports.io/football/teams/94.png,https://media.api-sports.io/football/teams/96.png,,
61_1552917,Scheduled,0,0,95,81,2027-02-20T16:00:00+00:00,W10=,Strasbourg,🇫🇷,Marseille,🔵⚪️,Ligue 1,Regular Season - 21,Stade de la Meinau,Strasbourg,France,https://media.api-sports.io/football/teams/95.png,https://media.api-sports.io/football/teams/81.png,,
61_1552910,Scheduled,0,0,111,80,2027-02-20T16:00:00+00:00,W10=,Le Havre,🇫🇷,Lyon,🇫🇷,Ligue 1,Regular Season - 21,Stade,Le Havre,France,https://media.api-sports.io/football/teams/111.png,https://media.api-sports.io/football/teams/80.png,,
61_1552911,Scheduled,0,0,116,110,2027-02-20T16:00:00+00:00,W10=,Lens,🇫🇷,Estac Troyes,🇫🇷,Ligue 1,Regular Season - 21,Stade Bollaert-Delelis,Lens,France,https://media.api-sports.io/football/teams/116.png,https://media.api-sports.io/football/teams/110.png,,
61_1552922,Scheduled,0,0,80,96,2027-02-27T16:00:00+00:00,W10=,Lyon,🇫🇷,Toulouse,🇫🇷,Ligue 1,Regular Season - 22,Parc Olympique Lyonnais,Lyon,France,https://media.api-sports.io/football/teams/80.png,https://media.api-sports.io/football/teams/96.png,,
61_1552923,Scheduled,0,0,81,94,2027-02-27T16:00:00+00:00,W10=,Marseille,🔵⚪️,Rennes,🇫🇷,Ligue 1,Regular Season - 22,Stade,Marseille,France,https://media.api-sports.io/football/teams/81.png,https://media.api-sports.io/football/teams/94.png,,
61_1552924,Scheduled,0,0,95,111,2027-02-27T16:00:00+00:00,W10=,Strasbourg,🇫🇷,Le Havre,🇫🇷,Ligue 1,Regular Season - 22,Stade de la Meinau,Strasbourg,France,https://media.api-sports.io/football/teams/95.png,https://media.api-sports.io/football/teams/111.png,,
61_1552921,Scheduled,0,0,97,77,2027-02-27T16:00:00+00:00,W10=,Lorient,🇫🇷,Angers,🇫🇷,Ligue 1,Regular Season - 22,Stade du Moustoir,Lorient,France,https://media.api-sports.io/football/teams/97.png,https://media.api-sports.io/football/teams/77.png,,
61_1552919,Scheduled,0,0,106,91,2027-02-27T16:00:00+00:00,W10=,Stade Brestois 29,🇫🇷,Monaco,🇫🇷,Ligue 1,Regular Season - 22,Stade,Brest,France,https://media.api-sports.io/football/teams/106.png,https://media.api-sports.io/football/teams/91.png,,
61_1552918,Scheduled,0,0,108,79,2027-02-27T16:00:00+00:00,W10=,Auxerre,🇫🇷,Lille,🇫🇷,Ligue 1,Regular Season - 22,Stade,Auxerre,France,https://media.api-sports.io/football/teams/108.png,https://media.api-sports.io/football/teams/79.png,,
61_1552925,Scheduled,0,0,110,84,2027-02-27T16:00:00+00:00,W10=,Estac Troyes,🇫🇷,Nice,🇫🇷,Ligue 1,Regular Season - 22,Stade,Troyes,France,https://media.api-sports.io/football/teams/110.png,https://media.api-sports.io/football/teams/84.png,,
61_1552920,Scheduled,0,0,1298,114,2027-02-27T16:00:00+00:00,W10=,Le Mans,🇫🇷,Paris FC,🇫🇷,Ligue 1,Regular Season - 22,Stade Marie-Marvingt,Le Mans,France,https://media.api-sports.io/football/teams/1298.png,https://media.api-sports.io/football/teams/114.png,,
61_1552926,Scheduled,0,0,85,116,2027-02-28T19:45:00+00:00,W10=,Paris Saint Germain,🔵🔴,Lens,🇫🇷,Ligue 1,Regular Season - 22,Parc des Princes,Paris,France,https://media.api-sports.io/football/teams/85.png,https://media.api-sports.io/football/teams/116.png,,
61_1552927,Scheduled,0,0,77,108,2027-03-06T16:00:00+00:00,W10=,Angers,🇫🇷,Auxerre,🇫🇷,Ligue 1,Regular Season - 23,Stade Raymond-Kopa,Angers,France,https://media.api-sports.io/football/teams/77.png,https://media.api-sports.io/football/teams/108.png,,
61_1552930,Scheduled,0,0,79,81,2027-03-06T16:00:00+00:00,W10=,Lille,🇫🇷,Marseille,🔵⚪️,Ligue 1,Regular Season - 23,Stade Pierre-Mauroy,Ville,France,https://media.api-sports.io/football/teams/79.png,https://media.api-sports.io/football/teams/81.png,,
61_1552931,Scheduled,0,0,91,80,2027-03-06T16:00:00+00:00,W10=,Monaco,🇫🇷,Lyon,🇫🇷,Ligue 1,Regular Season - 23,Stade Louis II,Monaco,France,https://media.api-sports.io/football/teams/91.png,https://media.api-sports.io/football/teams/80.png,,
61_1552933,Scheduled,0,0,94,85,2027-03-06T16:00:00+00:00,W10=,Rennes,🇫🇷,Paris Saint Germain,🔵🔴,Ligue 1,Regular Season - 23,Roazhon Park,Rennes,France,https://media.api-sports.io/football/teams/94.png,https://media.api-sports.io/football/teams/85.png,,
61_1552934,Scheduled,0,0,96,1298,2027-03-06T16:00:00+00:00,W10=,Toulouse,🇫🇷,Le Mans,🇫🇷,Ligue 1,Regular Season - 23,Stadium de Toulouse,Toulouse,France,https://media.api-sports.io/football/teams/96.png,https://media.api-sports.io/football/teams/1298.png,,
61_1552935,Scheduled,0,0,110,97,2027-03-06T16:00:00+00:00,W10=,Estac Troyes,🇫🇷,Lorient,🇫🇷,Ligue 1,Regular Season - 23,Stade,Troyes,France,https://media.api-sports.io/football/teams/110.png,https://media.api-sports.io/football/teams/97.png,,
61_1552928,Scheduled,0,0,111,84,2027-03-06T16:00:00+00:00,W10=,Le Havre,🇫🇷,Nice,🇫🇷,Ligue 1,Regular Season - 23,Stade,Le Havre,France,https://media.api-sports.io/football/teams/111.png,https://media.api-sports.io/football/teams/84.png,,
61_1552932,Scheduled,0,0,114,106,2027-03-06T16:00:00+00:00,W10=,Paris FC,🇫🇷,Stade Brestois 29,🇫🇷,Ligue 1,Regular Season - 23,Stade Jean Bouin,Paris,France,https://media.api-sports.io/football/teams/114.png,https://media.api-sports.io/football/teams/106.png,,
61_1552929,Scheduled,0,0,116,95,2027-03-06T16:00:00+00:00,W10=,Lens,🇫🇷,Strasbourg,🇫🇷,Ligue 1,Regular Season - 23,Stade Bollaert-Delelis,Lens,France,https://media.api-sports.io/football/teams/116.png,https://media.api-sports.io/football/teams/95.png,,
61_1552940,Scheduled,0,0,80,110,2027-03-13T16:00:00+00:00,W10=,Lyon,🇫🇷,Estac Troyes,🇫🇷,Ligue 1,Regular Season - 24,Parc Olympique Lyonnais,Lyon,France,https://media.api-sports.io/football/teams/80.png,https://media.api-sports.io/football/teams/110.png,,
61_1552941,Scheduled,0,0,81,91,2027-03-13T16:00:00+00:00,W10=,Marseille,🔵⚪️,Monaco,🇫🇷,Ligue 1,Regular Season - 24,Stade,Marseille,France,https://media.api-sports.io/football/teams/81.png,https://media.api-sports.io/football/teams/91.png,,
61_1552942,Scheduled,0,0,84,96,2027-03-13T16:00:00+00:00,W10=,Nice,🇫🇷,Toulouse,🇫🇷,Ligue 1,Regular Season - 24,Allianz Riviera,Nice,France,https://media.api-sports.io/football/teams/84.png,https://media.api-sports.io/football/teams/96.png,,
61_1552944,Scheduled,0,0,95,77,2027-03-13T16:00:00+00:00,W10=,Strasbourg,🇫🇷,Angers,🇫🇷,Ligue 1,Regular Season - 24,Stade de la Meinau,Strasbourg,France,https://media.api-sports.io/football/teams/95.png,https://media.api-sports.io/football/teams/77.png,,
61_1552937,Scheduled,0,0,106,79,2027-03-13T16:00:00+00:00,W10=,Stade Brestois 29,🇫🇷,Lille,🇫🇷,Ligue 1,Regular Season - 24,Stade,Brest,France,https://media.api-sports.io/football/teams/106.png,https://media.api-sports.io/football/teams/79.png,,
61_1552936,Scheduled,0,0,108,85,2027-03-13T16:00:00+00:00,W10=,Auxerre,🇫🇷,Paris Saint Germain,🔵🔴,Ligue 1,Regular Season - 24,Stade,Auxerre,France,https://media.api-sports.io/football/teams/108.png,https://media.api-sports.io/football/teams/85.png,,
61_1552938,Scheduled,0,0,111,116,2027-03-13T16:00:00+00:00,W10=,Le Havre,🇫🇷,Lens,🇫🇷,Ligue 1,Regular Season - 24,Stade,Le Havre,France,https://media.api-sports.io/football/teams/111.png,https://media.api-sports.io/football/teams/116.png,,
61_1552943,Scheduled,0,0,114,97,2027-03-13T16:00:00+00:00,W10=,Paris FC,🇫🇷,Lorient,🇫🇷,Ligue 1,Regular Season - 24,Stade Jean Bouin,Paris,France,https://media.api-sports.io/football/teams/114.png,https://media.api-sports.io/football/teams/97.png,,
61_1552939,Scheduled,0,0,1298,94,2027-03-13T16:00:00+00:00,W10=,Le Mans,🇫🇷,Rennes,🇫🇷,Ligue 1,Regular Season - 24,Stade Marie-Marvingt,Le Mans,France,https://media.api-sports.io/football/teams/1298.png,https://media.api-sports.io/football/teams/94.png,,
61_1552945,Scheduled,0,0,77,1298,2027-03-20T16:00:00+00:00,W10=,Angers,🇫🇷,Le Mans,🇫🇷,Ligue 1,Regular Season - 25,Stade Raymond-Kopa,Angers,France,https://media.api-sports.io/football/teams/77.png,https://media.api-sports.io/football/teams/1298.png,,
61_1552949,Scheduled,0,0,85,95,2027-03-20T16:00:00+00:00,W10=,Paris Saint Germain,🔵🔴,Strasbourg,🇫🇷,Ligue 1,Regular Season - 25,Parc des Princes,Paris,France,https://media.api-sports.io/football/teams/85.png,https://media.api-sports.io/football/teams/95.png,,
61_1552948,Scheduled,0,0,91,111,2027-03-20T16:00:00+00:00,W10=,Monaco,🇫🇷,Le Havre,🇫🇷,Ligue 1,Regular Season - 25,Stade Louis II,Monaco,France,https://media.api-sports.io/football/teams/91.png,https://media.api-sports.io/football/teams/111.png,,
61_1552950,Scheduled,0,0,94,114,2027-03-20T16:00:00+00:00,W10=,Rennes,🇫🇷,Paris FC,🇫🇷,Ligue 1,Regular Season - 25,Roazhon Park,Rennes,France,https://media.api-sports.io/football/teams/94.png,https://media.api-sports.io/football/teams/114.png,,
61_1552951,Scheduled,0,0,96,106,2027-03-20T16:00:00+00:00,W10=,Toulouse,🇫🇷,Stade Brestois 29,🇫🇷,Ligue 1,Regular Season - 25,Stadium de Toulouse,Toulouse,France,https://media.api-sports.io/football/teams/96.png,https://media.api-sports.io/football/teams/106.png,,
61_1552947,Scheduled,0,0,97,84,2027-03-20T16:00:00+00:00,W10=,Lorient,🇫🇷,Nice,🇫🇷,Ligue 1,Regular Season - 25,Stade du Moustoir,Lorient,France,https://media.api-sports.io/football/teams/97.png,https://media.api-sports.io/football/teams/84.png,,
61_1552952,Scheduled,0,0,110,108,2027-03-20T16:00:00+00:00,W10=,Estac Troyes,🇫🇷,Auxerre,🇫🇷,Ligue 1,Regular Season - 25,Stade,Troyes,France,https://media.api-sports.io/football/teams/110.png,https://media.api-sports.io/football/teams/108.png,,
61_1552946,Scheduled,0,0,116,79,2027-03-20T16:00:00+00:00,W10=,Lens,🇫🇷,Lille,🇫🇷,Ligue 1,Regular Season - 25,Stade Bollaert-Delelis,Lens,France,https://media.api-sports.io/football/teams/116.png,https://media.api-sports.io/football/teams/79.png,,
61_1552953,Scheduled,0,0,81,80,2027-03-21T19:45:00+00:00,W10=,Marseille,🔵⚪️,Lyon,🇫🇷,Ligue 1,Regular Season - 25,Stade,Marseille,France,https://media.api-sports.io/football/teams/81.png,https://media.api-sports.io/football/teams/80.png,,
61_1552954,Scheduled,0,0,77,91,2027-04-03T15:00:00+00:00,W10=,Angers,🇫🇷,Monaco,🇫🇷,Ligue 1,Regular Season - 26,Stade Raymond-Kopa,Angers,France,https://media.api-sports.io/football/teams/77.png,https://media.api-sports.io/football/teams/91.png,,
61_1552959,Scheduled,0,0,79,94,2027-04-03T15:00:00+00:00,W10=,Lille,🇫🇷,Rennes,🇫🇷,Ligue 1,Regular Season - 26,Stade Pierre-Mauroy,Ville,France,https://media.api-sports.io/football/teams/79.png,https://media.api-sports.io/football/teams/94.png,,
61_1552960,Scheduled,0,0,84,80,2027-04-03T15:00:00+00:00,W10=,Nice,🇫🇷,Lyon,🇫🇷,Ligue 1,Regular Season - 26,Allianz Riviera,Nice,France,https://media.api-sports.io/football/teams/84.png,https://media.api-sports.io/football/teams/80.png,,
61_1552962,Scheduled,0,0,95,96,2027-04-03T15:00:00+00:00,W10=,Strasbourg,🇫🇷,Toulouse,🇫🇷,Ligue 1,Regular Season - 26,Stade de la Meinau,Strasbourg,France,https://media.api-sports.io/football/teams/95.png,https://media.api-sports.io/football/teams/96.png,,
61_1552956,Scheduled,0,0,106,97,2027-04-03T15:00:00+00:00,W10=,Stade Brestois 29,🇫🇷,Lorient,🇫🇷,Ligue 1,Regular Season - 26,Stade,Brest,France,https://media.api-sports.io/football/teams/106.png,https://media.api-sports.io/football/teams/97.png,,
61_1552955,Scheduled,0,0,108,116,2027-04-03T15:00:00+00:00,W10=,Auxerre,🇫🇷,Lens,🇫🇷,Ligue 1,Regular Season - 26,Stade,Auxerre,France,https://media.api-sports.io/football/teams/108.png,https://media.api-sports.io/football/teams/116.png,,
61_1552957,Scheduled,0,0,111,110,2027-04-03T15:00:00+00:00,W10=,Le Havre,🇫🇷,Estac Troyes,🇫🇷,Ligue 1,Regular Season - 26,Stade,Le Havre,France,https://media.api-sports.io/football/teams/111.png,https://media.api-sports.io/football/teams/110.png,,
61_1552961,Scheduled,0,0,114,85,2027-04-03T15:00:00+00:00,W10=,Paris FC,🇫🇷,Paris Saint Germain,🔵🔴,Ligue 1,Regular Season - 26,Stade Jean Bouin,Paris,France,https://media.api-sports.io/football/teams/114.png,https://media.api-sports.io/football/teams/85.png,,
61_1552958,Scheduled,0,0,1298,81,2027-04-03T15:00:00+00:00,W10=,Le Mans,🇫🇷,Marseille,🔵⚪️,Ligue 1,Regular Season - 26,Stade Marie-Marvingt,Le Mans,France,https://media.api-sports.io/football/teams/1298.png,https://media.api-sports.io/football/teams/81.png,,
61_1552964,Scheduled,0,0,79,96,2027-04-10T15:00:00+00:00,W10=,Lille,🇫🇷,Toulouse,🇫🇷,Ligue 1,Regular Season - 27,Stade Pierre-Mauroy,Ville,France,https://media.api-sports.io/football/teams/79.png,https://media.api-sports.io/football/teams/96.png,,
61_1552966,Scheduled,0,0,80,95,2027-04-10T15:00:00+00:00,W10=,Lyon,🇫🇷,Strasbourg,🇫🇷,Ligue 1,Regular Season - 27,Parc Olympique Lyonnais,Lyon,France,https://media.api-sports.io/football/teams/80.png,https://media.api-sports.io/football/teams/95.png,,
61_1552967,Scheduled,0,0,81,106,2027-04-10T15:00:00+00:00,W10=,Marseille,🔵⚪️,Stade Brestois 29,🇫🇷,Ligue 1,Regular Season - 27,Stade,Marseille,France,https://media.api-sports.io/football/teams/81.png,https://media.api-sports.io/football/teams/106.png,,
61_1552969,Scheduled,0,0,84,114,2027-04-10T15:00:00+00:00,W10=,Nice,🇫🇷,Paris FC,🇫🇷,Ligue 1,Regular Season - 27,Allianz Riviera,Nice,France,https://media.api-sports.io/football/teams/84.png,https://media.api-sports.io/football/teams/114.png,,
61_1552970,Scheduled,0,0,85,111,2027-04-10T15:00:00+00:00,W10=,Paris Saint Germain,🔵🔴,Le Havre,🇫🇷,Ligue 1,Regular Season - 27,Parc des Princes,Paris,France,https://media.api-sports.io/football/teams/85.png,https://media.api-sports.io/football/teams/111.png,,
61_1552968,Scheduled,0,0,91,94,2027-04-10T15:00:00+00:00,W10=,Monaco,🇫🇷,Rennes,🇫🇷,Ligue 1,Regular Season - 27,Stade Louis II,Monaco,France,https://media.api-sports.io/football/teams/91.png,https://media.api-sports.io/football/teams/94.png,,
61_1552965,Scheduled,0,0,97,116,2027-04-10T15:00:00+00:00,W10=,Lorient,🇫🇷,Lens,🇫🇷,Ligue 1,Regular Season - 27,Stade du Moustoir,Lorient,France,https://media.api-sports.io/football/teams/97.png,https://media.api-sports.io/football/teams/116.png,,
61_1552971,Scheduled,0,0,110,77,2027-04-10T15:00:00+00:00,W10=,Estac Troyes,🇫🇷,Angers,🇫🇷,Ligue 1,Regular Season - 27,Stade,Troyes,France,https://media.api-sports.io/football/teams/110.png,https://media.api-sports.io/football/teams/77.png,,
61_1552963,Scheduled,0,0,1298,108,2027-04-10T15:00:00+00:00,W10=,Le Mans,🇫🇷,Auxerre,🇫🇷,Ligue 1,Regular Season - 27,Stade Marie-Marvingt,Le Mans,France,https://media.api-sports.io/football/teams/1298.png,https://media.api-sports.io/football/teams/108.png,,
61_1552972,Scheduled,0,0,77,80,2027-04-17T15:00:00+00:00,W10=,Angers,🇫🇷,Lyon,🇫🇷,Ligue 1,Regular Season - 28,Stade Raymond-Kopa,Angers,France,https://media.api-sports.io/football/teams/77.png,https://media.api-sports.io/football/teams/80.png,,
61_1552978,Scheduled,0,0,85,79,2027-04-17T15:00:00+00:00,W10=,Paris Saint Germain,🔵🔴,Lille,🇫🇷,Ligue 1,Regular Season - 28,Parc des Princes,Paris,France,https://media.api-sports.io/football/teams/85.png,https://media.api-sports.io/football/teams/79.png,,
61_1552977,Scheduled,0,0,91,95,2027-04-17T15:00:00+00:00,W10=,Monaco,🇫🇷,Strasbourg,🇫🇷,Ligue 1,Regular Season - 28,Stade Louis II,Monaco,France,https://media.api-sports.io/football/teams/91.png,https://media.api-sports.io/football/teams/95.png,,
61_1552979,Scheduled,0,0,94,110,2027-04-17T15:00:00+00:00,W10=,Rennes,🇫🇷,Estac Troyes,🇫🇷,Ligue 1,Regular Season - 28,Roazhon Park,Rennes,France,https://media.api-sports.io/football/teams/94.png,https://media.api-sports.io/football/teams/110.png,,
61_1552980,Scheduled,0,0,96,114,2027-04-17T15:00:00+00:00,W10=,Toulouse,🇫🇷,Paris FC,🇫🇷,Ligue 1,Regular Season - 28,Stadium de Toulouse,Toulouse,France,https://media.api-sports.io/football/teams/96.png,https://media.api-sports.io/football/teams/114.png,,
61_1552974,Scheduled,0,0,106,1298,2027-04-17T15:00:00+00:00,W10=,Stade Brestois 29,🇫🇷,Le Mans,🇫🇷,Ligue 1,Regular Season - 28,Stade,Brest,France,https://media.api-sports.io/football/teams/106.png,https://media.api-sports.io/football/teams/1298.png,,
61_1552973,Scheduled,0,0,108,97,2027-04-17T15:00:00+00:00,W10=,Auxerre,🇫🇷,Lorient,🇫🇷,Ligue 1,Regular Season - 28,Stade,Auxerre,France,https://media.api-sports.io/football/teams/108.png,https://media.api-sports.io/football/teams/97.png,,
61_1552975,Scheduled,0,0,111,81,2027-04-17T15:00:00+00:00,W10=,Le Havre,🇫🇷,Marseille,🔵⚪️,Ligue 1,Regular Season - 28,Stade,Le Havre,France,https://media.api-sports.io/football/teams/111.png,https://media.api-sports.io/football/teams/81.png,,
61_1552976,Scheduled,0,0,116,84,2027-04-17T15:00:00+00:00,W10=,Lens,🇫🇷,Nice,🇫🇷,Ligue 1,Regular Season - 28,Stade Bollaert-Delelis,Lens,France,https://media.api-sports.io/football/teams/116.png,https://media.api-sports.io/football/teams/84.png,,
61_1552982,Scheduled,0,0,79,91,2027-04-24T15:00:00+00:00,W10=,Lille,🇫🇷,Monaco,🇫🇷,Ligue 1,Regular Season - 29,Stade Pierre-Mauroy,Ville,France,https://media.api-sports.io/football/teams/79.png,https://media.api-sports.io/football/teams/91.png,,
61_1552984,Scheduled,0,0,80,106,2027-04-24T15:00:00+00:00,W10=,Lyon,🇫🇷,Stade Brestois 29,🇫🇷,Ligue 1,Regular Season - 29,Parc Olympique Lyonnais,Lyon,France,https://media.api-sports.io/football/teams/80.png,https://media.api-sports.io/football/teams/106.png,,
61_1552985,Scheduled,0,0,81,108,2027-04-24T15:00:00+00:00,W10=,Marseille,🔵⚪️,Auxerre,🇫🇷,Ligue 1,Regular Season - 29,Stade,Marseille,France,https://media.api-sports.io/football/teams/81.png,https://media.api-sports.io/football/teams/108.png,,
61_1552986,Scheduled,0,0,84,77,2027-04-24T15:00:00+00:00,W10=,Nice,🇫🇷,Angers,🇫🇷,Ligue 1,Regular Season - 29,Allianz Riviera,Nice,France,https://media.api-sports.io/football/teams/84.png,https://media.api-sports.io/football/teams/77.png,,
61_1552988,Scheduled,0,0,95,94,2027-04-24T15:00:00+00:00,W10=,Strasbourg,🇫🇷,Rennes,🇫🇷,Ligue 1,Regular Season - 29,Stade de la Meinau,Strasbourg,France,https://media.api-sports.io/football/teams/95.png,https://media.api-sports.io/football/teams/94.png,,
61_1552983,Scheduled,0,0,97,85,2027-04-24T15:00:00+00:00,W10=,Lorient,🇫🇷,Paris Saint Germain,🔵🔴,Ligue 1,Regular Season - 29,Stade du Moustoir,Lorient,France,https://media.api-sports.io/football/teams/97.png,https://media.api-sports.io/football/teams/85.png,,
61_1552989,Scheduled,0,0,110,96,2027-04-24T15:00:00+00:00,W10=,Estac Troyes,🇫🇷,Toulouse,🇫🇷,Ligue 1,Regular Season - 29,Stade,Troyes,France,https://media.api-sports.io/football/teams/110.png,https://media.api-sports.io/football/teams/96.png,,
61_1552987,Scheduled,0,0,114,116,2027-04-24T15:00:00+00:00,W10=,Paris FC,🇫🇷,Lens,🇫🇷,Ligue 1,Regular Season - 29,Stade Jean Bouin,Paris,France,https://media.api-sports.io/football/teams/114.png,https://media.api-sports.io/football/teams/116.png,,
61_1552981,Scheduled,0,0,1298,111,2027-04-24T15:00:00+00:00,W10=,Le Mans,🇫🇷,Le Havre,🇫🇷,Ligue 1,Regular Season - 29,Stade Marie-Marvingt,Le Mans,France,https://media.api-sports.io/football/teams/1298.png,https://media.api-sports.io/football/teams/111.png,,
61_1552994,Scheduled,0,0,85,77,2027-05-01T15:00:00+00:00,W10=,Paris Saint Germain,🔵🔴,Angers,🇫🇷,Ligue 1,Regular Season - 30,Parc des Princes,Paris,France,https://media.api-sports.io/football/teams/85.png,https://media.api-sports.io/football/teams/77.png,,
61_1552993,Scheduled,0,0,91,97,2027-05-01T15:00:00+00:00,W10=,Monaco,🇫🇷,Lorient,🇫🇷,Ligue 1,Regular Season - 30,Stade Louis II,Monaco,France,https://media.api-sports.io/football/teams/91.png,https://media.api-sports.io/football/teams/97.png,,
61_1552995,Scheduled,0,0,94,84,2027-05-01T15:00:00+00:00,W10=,Rennes,🇫🇷,Nice,🇫🇷,Ligue 1,Regular Season - 30,Roazhon Park,Rennes,France,https://media.api-sports.io/football/teams/94.png,https://media.api-sports.io/football/teams/84.png,,
61_1552996,Scheduled,0,0,95,79,2027-05-01T15:00:00+00:00,W10=,Strasbourg,🇫🇷,Lille,🇫🇷,Ligue 1,Regular Season - 30,Stade de la Meinau,Strasbourg,France,https://media.api-sports.io/football/teams/95.png,https://media.api-sports.io/football/teams/79.png,,
61_1552997,Scheduled,0,0,96,81,2027-05-01T15:00:00+00:00,W10=,Toulouse,🇫🇷,Marseille,🔵⚪️,Ligue 1,Regular Season - 30,Stadium de Toulouse,Toulouse,France,https://media.api-sports.io/football/teams/96.png,https://media.api-sports.io/football/teams/81.png,,
61_1552990,Scheduled,0,0,108,80,2027-05-01T15:00:00+00:00,W10=,Auxerre,🇫🇷,Lyon,🇫🇷,Ligue 1,Regular Season - 30,Stade,Auxerre,France,https://media.api-sports.io/football/teams/108.png,https://media.api-sports.io/football/teams/80.png,,
61_1552998,Scheduled,0,0,110,106,2027-05-01T15:00:00+00:00,W10=,Estac Troyes,🇫🇷,Stade Brestois 29,🇫🇷,Ligue 1,Regular Season - 30,Stade,Troyes,France,https://media.api-sports.io/football/teams/110.png,https://media.api-sports.io/football/teams/106.png,,
61_1552991,Scheduled,0,0,111,114,2027-05-01T15:00:00+00:00,W10=,Le Havre,🇫🇷,Paris FC,🇫🇷,Ligue 1,Regular Season - 30,Stade,Le Havre,France,https://media.api-sports.io/football/teams/111.png,https://media.api-sports.io/football/teams/114.png,,
61_1552992,Scheduled,0,0,116,1298,2027-05-01T15:00:00+00:00,W10=,Lens,🇫🇷,Le Mans,🇫🇷,Ligue 1,Regular Season - 30,Stade Bollaert-Delelis,Lens,France,https://media.api-sports.io/football/teams/116.png,https://media.api-sports.io/football/teams/1298.png,,
61_1552999,Scheduled,0,0,77,96,2027-05-08T15:00:00+00:00,W10=,Angers,🇫🇷,Toulouse,🇫🇷,Ligue 1,Regular Season - 31,Stade Raymond-Kopa,Angers,France,https://media.api-sports.io/football/teams/77.png,https://media.api-sports.io/football/teams/96.png,,
61_1553004,Scheduled,0,0,84,81,2027-05-08T15:00:00+00:00,W10=,Nice,🇫🇷,Marseille,🔵⚪️,Ligue 1,Regular Season - 31,Allianz Riviera,Nice,France,https://media.api-sports.io/football/teams/84.png,https://media.api-sports.io/football/teams/81.png,,
61_1553006,Scheduled,0,0,94,111,2027-05-08T15:00:00+00:00,W10=,Rennes,🇫🇷,Le Havre,🇫🇷,Ligue 1,Regular Season - 31,Roazhon Park,Rennes,France,https://media.api-sports.io/football/teams/94.png,https://media.api-sports.io/football/teams/111.png,,
61_1553003,Scheduled,0,0,97,95,2027-05-08T15:00:00+00:00,W10=,Lorient,🇫🇷,Strasbourg,🇫🇷,Ligue 1,Regular Season - 31,Stade du Moustoir,Lorient,France,https://media.api-sports.io/football/teams/97.png,https://media.api-sports.io/football/teams/95.png,,
61_1553000,Scheduled,0,0,106,108,2027-05-08T15:00:00+00:00,W10=,Stade Brestois 29,🇫🇷,Auxerre,🇫🇷,Ligue 1,Regular Season - 31,Stade,Brest,France,https://media.api-sports.io/football/teams/106.png,https://media.api-sports.io/football/teams/108.png,,
61_1553005,Scheduled,0,0,114,79,2027-05-08T15:00:00+00:00,W10=,Paris FC,🇫🇷,Lille,🇫🇷,Ligue 1,Regular Season - 31,Stade Jean Bouin,Paris,France,https://media.api-sports.io/football/teams/114.png,https://media.api-sports.io/football/teams/79.png,,
61_1553002,Scheduled,0,0,116,91,2027-05-08T15:00:00+00:00,W10=,Lens,🇫🇷,Monaco,🇫🇷,Ligue 1,Regular Season - 31,Stade Bollaert-Delelis,Lens,France,https://media.api-sports.io/football/teams/116.png,https://media.api-sports.io/football/teams/91.png,,
61_1553001,Scheduled,0,0,1298,110,2027-05-08T15:00:00+00:00,W10=,Le Mans,🇫🇷,Estac Troyes,🇫🇷,Ligue 1,Regular Season - 31,Stade Marie-Marvingt,Le Mans,France,https://media.api-sports.io/football/teams/1298.png,https://media.api-sports.io/football/teams/110.png,,
61_1553007,Scheduled,0,0,80,85,2027-05-09T18:45:00+00:00,W10=,Lyon,🇫🇷,Paris Saint Germain,🔵🔴,Ligue 1,Regular Season - 31,Parc Olympique Lyonnais,Lyon,France,https://media.api-sports.io/football/teams/80.png,https://media.api-sports.io/football/teams/85.png,,
61_1553010,Scheduled,0,0,79,77,2027-05-16T15:00:00+00:00,W10=,Lille,🇫🇷,Angers,🇫🇷,Ligue 1,Regular Season - 32,Stade Pierre-Mauroy,Ville,France,https://media.api-sports.io/football/teams/79.png,https://media.api-sports.io/football/teams/77.png,,
61_1553011,Scheduled,0,0,80,1298,2027-05-16T15:00:00+00:00,W10=,Lyon,🇫🇷,Le Mans,🇫🇷,Ligue 1,Regular Season - 32,Parc Olympique Lyonnais,Lyon,France,https://media.api-sports.io/football/teams/80.png,https://media.api-sports.io/football/teams/1298.png,,
61_1553012,Scheduled,0,0,81,116,2027-05-16T15:00:00+00:00,W10=,Marseille,🔵⚪️,Lens,🇫🇷,Ligue 1,Regular Season - 32,Stade,Marseille,France,https://media.api-sports.io/football/teams/81.png,https://media.api-sports.io/football/teams/116.png,,
61_1553014,Scheduled,0,0,85,84,2027-05-16T15:00:00+00:00,W10=,Paris Saint Germain,🔵🔴,Nice,🇫🇷,Ligue 1,Regular Season - 32,Parc des Princes,Paris,France,https://media.api-sports.io/football/teams/85.png,https://media.api-sports.io/football/teams/84.png,,
61_1553013,Scheduled,0,0,91,114,2027-05-16T15:00:00+00:00,W10=,Monaco,🇫🇷,Paris FC,🇫🇷,Ligue 1,Regular Season - 32,Stade Louis II,Monaco,France,https://media.api-sports.io/football/teams/91.png,https://media.api-sports.io/football/teams/114.png,,
61_1553015,Scheduled,0,0,95,110,2027-05-16T15:00:00+00:00,W10=,Strasbourg,🇫🇷,Estac Troyes,🇫🇷,Ligue 1,Regular Season - 32,Stade de la Meinau,Strasbourg,France,https://media.api-sports.io/football/teams/95.png,https://media.api-sports.io/football/teams/110.png,,
61_1553016,Scheduled,0,0,96,97,2027-05-16T15:00:00+00:00,W10=,Toulouse,🇫🇷,Lorient,🇫🇷,Ligue 1,Regular Season - 32,Stadium de Toulouse,Toulouse,France,https://media.api-sports.io/football/teams/96.png,https://media.api-sports.io/football/teams/97.png,,
61_1553009,Scheduled,0,0,106,111,2027-05-16T15:00:00+00:00,W10=,Stade Brestois 29,🇫🇷,Le Havre,🇫🇷,Ligue 1,Regular Season - 32,Stade,Brest,France,https://media.api-sports.io/football/teams/106.png,https://media.api-sports.io/football/teams/111.png,,
61_1553008,Scheduled,0,0,108,94,2027-05-16T15:00:00+00:00,W10=,Auxerre,🇫🇷,Rennes,🇫🇷,Ligue 1,Regular Season - 32,Stade,Auxerre,France,https://media.api-sports.io/football/teams/108.png,https://media.api-sports.io/football/teams/94.png,,
61_1553017,Scheduled,0,0,77,106,2027-05-22T15:00:00+00:00,W10=,Angers,🇫🇷,Stade Brestois 29,🇫🇷,Ligue 1,Regular Season - 33,Stade Raymond-Kopa,Angers,France,https://media.api-sports.io/football/teams/77.png,https://media.api-sports.io/football/teams/106.png,,
61_1553022,Scheduled,0,0,84,91,2027-05-22T15:00:00+00:00,W10=,Nice,🇫🇷,Monaco,🇫🇷,Ligue 1,Regular Season - 33,Allianz Riviera,Nice,France,https://media.api-sports.io/football/teams/84.png,https://media.api-sports.io/football/teams/91.png,,
61_1553024,Scheduled,0,0,96,108,2027-05-22T15:00:00+00:00,W10=,Toulouse,🇫🇷,Auxerre,🇫🇷,Ligue 1,Regular Season - 33,Stadium de Toulouse,Toulouse,France,https://media.api-sports.io/football/teams/96.png,https://media.api-sports.io/football/teams/108.png,,
61_1553021,Scheduled,0,0,97,80,2027-05-22T15:00:00+00:00,W10=,Lorient,🇫🇷,Lyon,🇫🇷,Ligue 1,Regular Season - 33,Stade du Moustoir,Lorient,France,https://media.api-sports.io/football/teams/97.png,https://media.api-sports.io/football/teams/80.png,,
61_1553025,Scheduled,0,0,110,85,2027-05-22T15:00:00+00:00,W10=,Estac Troyes,🇫🇷,Paris Saint Germain,🔵🔴,Ligue 1,Regular Season - 33,Stade,Troyes,France,https://media.api-sports.io/football/teams/110.png,https://media.api-sports.io/football/teams/85.png,,
61_1553018,Scheduled,0,0,111,79,2027-05-22T15:00:00+00:00,W10=,Le Havre,🇫🇷,Lille,🇫🇷,Ligue 1,Regular Season - 33,Stade,Le Havre,France,https://media.api-sports.io/football/teams/111.png,https://media.api-sports.io/football/teams/79.png,,
61_1553023,Scheduled,0,0,114,81,2027-05-22T15:00:00+00:00,W10=,Paris FC,🇫🇷,Marseille,🔵⚪️,Ligue 1,Regular Season - 33,Stade Jean Bouin,Paris,France,https://media.api-sports.io/football/teams/114.png,https://media.api-sports.io/football/teams/81.png,,
61_1553020,Scheduled,0,0,116,94,2027-05-22T15:00:00+00:00,W10=,Lens,🇫🇷,Rennes,🇫🇷,Ligue 1,Regular Season - 33,Stade Bollaert-Delelis,Lens,France,https://media.api-sports.io/football/teams/116.png,https://media.api-sports.io/football/teams/94.png,,
61_1553019,Scheduled,0,0,1298,95,2027-05-22T15:00:00+00:00,W10=,Le Mans,🇫🇷,Strasbourg,🇫🇷,Ligue 1,Regular Season - 33,Stade Marie-Marvingt,Le Mans,France,https://media.api-sports.io/football/teams/1298.png,https://media.api-sports.io/football/teams/95.png,,
61_1553028,Scheduled,0,0,79,1298,2027-05-29T19:00:00+00:00,W10=,Lille,🇫🇷,Le Mans,🇫🇷,Ligue 1,Regular Season - 34,Stade Pierre-Mauroy,Ville,France,https://media.api-sports.io/football/teams/79.png,https://media.api-sports.io/football/teams/1298.png,,
61_1553029,Scheduled,0,0,80,114,2027-05-29T19:00:00+00:00,W10=,Lyon,🇫🇷,Paris FC,🇫🇷,Ligue 1,Regular Season - 34,Parc Olympique Lyonnais,Lyon,France,https://media.api-sports.io/football/teams/80.png,https://media.api-sports.io/football/teams/114.png,,
61_1553030,Scheduled,0,0,81,97,2027-05-29T19:00:00+00:00,W10=,Marseille,🔵⚪️,Lorient,🇫🇷,Ligue 1,Regular Season - 34,Stade,Marseille,France,https://media.api-sports.io/football/teams/81.png,https://media.api-sports.io/football/teams/97.png,,
61_1553032,Scheduled,0,0,85,96,2027-05-29T19:00:00+00:00,W10=,Paris Saint Germain,🔵🔴,Toulouse,🇫🇷,Ligue 1,Regular Season - 34,Parc des Princes,Paris,France,https://media.api-sports.io/football/teams/85.png,https://media.api-sports.io/football/teams/96.png,,
61_1553031,Scheduled,0,0,91,110,2027-05-29T19:00:00+00:00,W10=,Monaco,🇫🇷,Estac Troyes,🇫🇷,Ligue 1,Regular Season - 34,Stade Louis II,Monaco,France,https://media.api-sports.io/football/teams/91.png,https://media.api-sports.io/football/teams/110.png,,
61_1553033,Scheduled,0,0,94,77,2027-05-29T19:00:00+00:00,W10=,Rennes,🇫🇷,Angers,🇫🇷,Ligue 1,Regular Season - 34,Roazhon Park,Rennes,France,https://media.api-sports.io/football/teams/94.png,https://media.api-sports.io/football/teams/77.png,,
61_1553034,Scheduled,0,0,95,84,2027-05-29T19:00:00+00:00,W10=,Strasbourg,🇫🇷,Nice,🇫🇷,Ligue 1,Regular Season - 34,Stade de la Meinau,Strasbourg,France,https://media.api-sports.io/football/teams/95.png,https://media.api-sports.io/football/teams/84.png,,
61_1553027,Scheduled,0,0,106,116,2027-05-29T19:00:00+00:00,W10=,Stade Brestois 29,🇫🇷,Lens,🇫🇷,Ligue 1,Regular Season - 34,Stade,Brest,France,https://media.api-sports.io/football/teams/106.png,https://media.api-sports.io/football/teams/116.png,,
61_1553026,Scheduled,0,0,108,111,2027-05-29T19:00:00+00:00,W10=,Auxerre,🇫🇷,Le Havre,🇫🇷,Ligue 1,Regular Season - 34,Stade,Auxerre,France,https://media.api-sports.io/football/teams/108.png,https://media.api-sports.io/football/teams/111.png,,
